cID,cName,order
7,Quinidine,0
7,Quinine sulfate,1
9,Quinine,0
11,Humulon,0
14,Quinidine,0
15,Benzaldehyde,0
16,Magnesium Sulfate,0
32,Lupulon,0
32,Lupulone,1
33,Fennel oil,0
36,Humulon,0
37,Benzoin,0
38,Quinine,0
39,Quinine,0
39,Quinine bimuriate,1
39,Quinine dihydrochloride,2
40,Quinine,0
40,Quinine hydrochloride,1
41,Absinthin,0
42,Arborescin,0
43,Arglabin,0
44,Aristolochic acid,0
45,Artemorin,0
46,Caffeine,0
48,Cascarillin,0
49,Coumarin,0
50,Cucurbitacin B,0
51,Falcarindiol,0
52,Noscapine,0
53,Papaverine,0
54,Parthenolide,0
55,Quassin,0
56,Azathioprine,0
57,Benzamide,0
58,Carisoprodol,0
59,Chlorhexidine,0
60,Chlorpheniramine,0
61,Diphenhydramine,0
62,Diphenidol,0
63,Diphenylthiourea,0
63,Sulfocarbanilide,1
63,sym-Diphenylthiourea,2
63,Thiocarbanilide,3
64,Divinyl sulfoxide,0
65,Flufenamic Acid,0
66,Haloperidol,0
67,Sodium Benzoate,0
68,Thiamine,0
71,Amarogentin,0
72,Adhumulone,0
73,Cohumulone,0
74,Colupulone,0
75,Isoxanthohumol,0
76,Xanthohumol,0
77,Dextromethorphan,0
79,trans-Isohumulone,0
80,trans-Isocohumulone,0
81,Adlupulone,0
82,cis-Isocohumulone,0
83,cis-Isohumulone,0
84,cis-Isoadhumulone,0
85,trans-Isoadhumulone,0
86,Sodium cyclamate,0
87,Chloroquine,0
88,8-prenylnaringenin,0
90,(-)-alpha Thujone,0
93,Dapsone,0
94,Denatonium benzoate,0
95,"1,10-phenanthroline",0
96,Cromolyn,0
97,Cucurbitacins,1
98,Cycloheximid,0
98,Cycloheximide,1
101,Famotidine,0
102,D-Amygdalin,0
107,Acetylthiourea,0
108,allyl isothiocyanate,0
109,Caprolactam,0
110,dimethylthioformamide,0
111,Ethylpyrazine,0
112,N-ethylthiourea,0
113,Ethylene Thiourea,0
113,"N,N-ethylene thiourea",1
115,methimazole,0
117,N-methylthiourea,0
118,phenethyl isothiocyanate,0
119,Phenylthiocarbamide  (PTC),0
120,Propylthiouracil,0
121,Acetaminophen,0
122,acesulfame K,0
123,aloin,0
124,Grosheimin,0
124,grossheimin,1
125,saccharin,0
129,Hydrocortisone,0
130,orphenadrine,0
132,methadone,0
134,Cinnamedrine,0
138,Citric Acid Ethyl ester,0
138,Triethyl citrate,1
142,Clobutinol,0
144,Clonixin,0
148,Cocaine Hydrochloride,0
149,Alverine,0
151,Codamine,0
152,Colubrines,0
154,Columbin,0
155,Conessine,0
158,Coriamyrtin,0
159,Coumarilic Acid,0
161,Cyclexedrine Hydrochloride,0
162,Cyclobarbital,0
163,Cyclobarbital,0
165,Cyclopentamine Hydrochloride,0
166,Deferiprone,0
167,2-Amino-5-nitrothiazole,0
169,Dehydrocholic Acid,0
170,Dextroamphetamine Sulfate,0
172,Dextromoramide Bitartrate,0
174,Dibekacin Sulfate,0
176,Dicumarol,0
178,Dicyclomine Hydrochloride,0
181,"3,5-Diiodosalicylic Acid",0
183,Diltiazem Hydrochloride,0
185,Dimemorfan Phosphate,0
186,Dimethocaine Hydrochloride,0
188,Dimethyl Sulfoxide,0
189,"3,4-Dinitrobenzoic Acid",0
190,Dipyridamole,0
191,Aminophylline,0
192,"&gamma;,&gamma;' -Dipyridyl Dihydrate",0
192,"4,4'-Bipyridine",1
193,Domiphen Bromide,0
196,Drotebanol,0
197,Dyphylline,0
199,Edrophonium Bromide,0
200,Epirizole,0
202,Eprazinone Dihydrochloride,0
205,Ethyl Biscoumacetate,0
206,Etilefrin Hydrochloride,0
208,Fencamine Hydrochloride,0
209,Fenproporex Hydrochloride,0
211,Fentanyl Citrate,0
214,Fluorotoluene,0
216,Fraxin,0
217,Furfuryl Alcohol,0
218,Ammonium Picrate,0
219,Galegine,0
220,Gamabufotalin,0
223,Ginkgolide C,0
224,Ginkgolide A,0
225,Ginkgolide B,0
226,&#946;-Glucogallin,0
227,Glucovanillin,0
228,Glutaronitrile,0
229,Amobarbital,0
230,Amobarbital Sodium salt,0
231,Guaifenesin,0
232,Harman,0
233,Helenalin,0
234,Heptabarbital,0
235,Hexobarbital Sodium salt,0
237,Homidium Bromide,0
241,Amodiaquin Dihydrochloride dihydrate,0
248,Hydrogen Peroxide,0
249,Hydroxychloroquine sulfate,0
253,Hydroxyzine Dihydrochloride,0
255,Imipramine N-Oxide Hydrochloride,0
257,Improsulfan Tosylate,0
259,Acecarbromal,0
262,Amphetamine Sulfate,0
263,Amphetamine Phosphate,0
264,Inaperisone Hydrochloride,0
266,Iodinated Glycerol,0
267,Ipodate Sodium salt,0
269,L-Isoleucine,0
274,Isometheptene Mucate,0
275,Isopropyl Alcohol,0
276,Isoxsuprine,0
278,Khellin,0
280,Lafutidine,0
281,Lappaconitine,0
283,Lincomycin Hydrochloride monohydrate,0
284,Lithium Bromide,0
285,Amylocaine Hydrochloride,0
289,Lycoctonine,0
290,Lycopodine,0
291,Magnesium Bromide,0
292,Magnesium Chlorate Hexahydrate,0
293,Magnesium Lactate Trihydrate,0
294,Magnesium Sulfate Heptahydrate,0
298,Meconin,0
299,l-Menthone,0
301,Meperidine Hydrochloride,0
303,Mephenesin,0
304,Meprobamate,0
306,Mersalyl,0
309,Methacycline Hydrochloride,0
310,Methadone Hydrochloride,0
313,Methamphetamine Hydrochloride,0
314,Methantheline Bromide,0
315,Methoxsalen,0
315,xanthotoxin,1
317,Methoxyphenamine Hydrochloride,0
318,Methylbenzethonium Chloride Monohydrate,0
320,"5,5' Methylenedisalicylic Acid",0
321,Methylergonovine Maleate,0
323,6-Methyl-2-thiouracil,0
323,Methylthiouracil,1
324,Methyprylon,0
325,Anethole Trithione,0
326,Metralindole Hydrochloride,0
330,Mibefradil Dihydrochloride,0
332,Morphine Hydrochloride,0
334,"Moveltipril, calcium salt",0
335,Naphazoline Hydrochloride,0
339,Neoquassin,0
342,Neostigmine Bromide,0
343,Nialamide,0
344,Nikethamide,0
346,Nitrofurazone,0
351,Norleucine D(-)-Form,0
352,Oleuropein,0
353,Antazoline Phosphate,0
354,Antazoline Hydrochloride,0
357,Oxeladin,0
358,Oxyacanthine,0
359,"4,4'-Oxydi-2-butanol",0
360,Pancuronium Bromide,0
364,Antipyrine,0
368,Pentamidine Isethionate,0
369,"1,5-Pentanediol",0
371,Pentobarbital Sodium salt,0
373,Pentoxifylline,0
374,Pentylenetetrazole,0
375,Periplocymarin,0
378,Phenacetin,0
380,Phenazopyridine Hydrochloride,0
381,p-Acetanisidine,0
382,ANTU,0
385,Phenobarbital,0
387,Phenprobamate,0
389,Phentolamine,0
391,Phenyl Biguanide,0
392,Phenylephrine,0
396,Phenytoin,0
397,Phloridzin,0
398,Pholcodine,0
400,Diethyl phthalate,0
400,Phthalic Acid Ethyl ester,1
401,Phthalylsulfathiazole,0
402,Picoperine Hydrochloride,0
404,Picric Acid,0
405,"Picrocrocin, saffron-bitter",0
406,"Picromycin, pikromycin, albomycetin, amaromycin",0
407,Picrotoxin,0
408,Pifarnine,0
408,Pifazin,1
410,Pipemidic Acid,0
411,Piperidione,0
413,Pipradrol Hydrochloride,0
414,Plaunotol,0
415,Potassium Guaiacolsulfonate,0
416,Potassium Sulfate,0
420,Procaine Dihydrate,0
423,Propafenone Hydrochloride,0
425,Propallylonal,0
426,Aprobarbital Sodium salt,0
427,Aprobarbital,0
429,Propamidine Isethionate,0
431,Propoxyphene,0
432,Propoxyphene,0
433,Propyphenazone,0
436,Pseudoephedrine,0
439,Psychotrine Tetrahydrate,0
440,Pyrazole,0
442,Pyronaridine Tetraphosphate,0
443,Quebrachamine,0
444,Quercetin,0
447,Quinacrine Dihydrochloride dihydrate,0
449,Quinazoline,0
453,Quinovic Acid,0
455,Arecoline Hydrobromide,0
456,Retamine,0
458,Rhododendrin,0
461,Salicin,1
463,Artemisinin,0
464,Salicylamide,0
465,&#945;-Santonin (-)-Form,0
466,Scillaren,0
467,Secobarbital Sodium,0
468,Senecionine,0
469,Sodium Bromide,0
471,Sodium Phenolsulfonate Dihydrate,0
475,Streptomycin,0
476,Strontium Bromide,0
481,Succinylcholine Chloride,0
482,Sucrose Octaacetate,0
484,Sulfamerazine Monosodium salt,0
486,Sulfameter,0
488,Sulfamethoxazole,0
491,Sulfamethoxypyridazine,0
494,Sulfisoxazole,0
496,Sulfobromophthalein Sodium,0
497,Sulfonethylmethane,0
498,Suxibuzone,0
502,Tacrine Hydrochloride,0
503,Talbutal,0
505,"Terpin cis-Form hydrate, Terpin hydrate, terpinol",0
508,Tetracaine Hydrochloride,0
509,Aconine,0
510,Atranorin,0
511,Tetraethylammonium Hydroxide,0
514,Theophylline,0
516,Theophylline Sodium acetate,0
517,Thiacetazone,0
520,Thiamine Hydrochloride,0
520,Vitamin b1,1
521,Thiosinamine,0
522,2-Thiouracil,0
523,Tiaramide Hydrochloride,0
525,Tiliacorine,0
530,Tinoridine Hydrochloride,0
533,Tolazoline Hydrochloride,0
534,Topiramate,0
536,Tramadol Hydrochloride,0
537,Trapidil,0
538,Triacetin,0
539,Glycerol tributyrate,0
539,Tributyrin,1
540,Tridihexethyl Iodide,0
541,Trimethadione,0
542,Trimethaphan Camsylate,0
543,Azintamide,0
544,Trimethoprim,0
545,Ursodiol,0
546,Valpromide,0
547,Veatchine,0
548,Verbenalin,0
549,Viquidil Hydrochloride,0
551,Warfarin Sodium salt,0
553,Carnosol,0
554,Ganoderic Acid A,0
557,Amprotropine Phosphate,0
558,Cetraric Acid,0
559,Chonemorphine,0
560,Cycrimine Hydrochloride,0
561,Diperodon Hydrochloride,0
562,Dodecarbonium Chloride,0
564,Ethylbenzhydramine Hydrochloride,0
569,Glaucarubin,0
570,Melilotoside,0
574,Azacyclonol Hydrochloride,0
576,Butallylonal,0
577,Butallylonal Sodium salt,0
578,Camphotamide,0
579,Chlorbetamide,0
580,Chlorhexadol,0
581,Chrysamminic Acid,0
582,Bakankosin,0
583,Cyclopentobarbital,0
584,Diethylbromoacetamide,0
585,Dioxypyramidon,0
586,Garryine,0
587,Hexethal Sodium,0
588,Homocamfin,0
589,p-Lactophenetide,0
591,Narcobarbital,0
593,Nealbarbital,0
595,Pentamethonium Bromide,0
596,Phenallymal,0
597,Phenylmethylbarbituric Acid,0
599,Vinbarbital Sodium,0
601,Chlormetacrine Dihydrochloride,0
602,Barbital,0
603,Barbital Sodium salt,0
605,Barium Chloride Dihydrate,0
606,Benzethonium Chloride,0
607,Benzilic Acid,0
609,Bretylium Tosylate,0
610,Bufotoxin,0
612,Bupropion Hydrochloride,0
613,Butabarbital Sodium salt,0
615,Butalbital,0
616,Butethal,0
617,Butethamine meta-Isomer hydrochloride,0
620,Allobarbital,0
622,Calcium Hydroxide,0
623,Calcium Phenolsulfonate,0
624,Carbimazole,0
627,Carbinoxamine Maleate,0
629,Cefazolin Sodium salt,0
632,cefpodoxime 1-(Isopropoxycarbonyloxy)ethyl ester,0
632,cefpodoxime proxetil,1
633,Cephaeline,0
634,Chenodiol,0
635,Chloral Hydrate,0
636,Chlorbenzoxamine Dihydrochloride,0
638,Chlormerodrin,0
639,Chloroprocaine,0
641,chloroquine  phosphate,0
643,Cinchophen,0
645,Phenyl beta-D-glucopyranoside,0
646,Promethazine,0
650,nicotine,0
653,ZINC01532585,0
654,Emetine,0
655,Naringin,0
658,Gallic aci,0
659,Laevuflex,0
660,Meranzin,0
661,Acetosulfam,0
664,hydroxylupanine,0
665,Prunin,0
666,EINECS 227-420-9,0
667,piperidine,0
668,Gentianine,0
669,gatifloxacin,0
671,Glyceryl caprate,0
672,Umbelliferones,0
673,alpha-Linolenic Acid,0
674,ofloxacin,0
675,procainamid,0
676,pirenzapin,0
677,Ciprofloxacin,0
678,Enoxacin,0
679,Lomefloxacin,0
680,Omeprazole,0
681,Dexamethasone,0
682,Prednisone,0
683,1-nitronaphthalene,0
684,Ethyl Benzoate,0
685,Picoline,0
686,Diisobutylamine,0
687,Cyclooctanone,0
688,Clindamycin,0
689,Acetylpyrazine,0
690,Labetalol-HCl,0
691,Clarithromycin,0
692,Cinchonine,0
693,Lupinine,0
694,Doxepin,0
695,Thioacetanilide,0
696,Goitrin,0
697,Enalapril,0
698,"1,1-Dimethylbiguanide",0
700,Spartein Sulfate Pentahydrate,0
701,"2,6-Dimethylpiperidine",0
702,1-methy-2-quinolinone,0
703,Atropine Sulfate,0
704,Alerlisin,1
704,Virlix,2
704,Zyrtec,3
709,Isobutyl salicylate,0
710,Isoamyl salicylate,0
711,Eugenyl methyl ether,0
712,Ethyl benzoylacetate,0
713,Acetophenone,0
714,Acetanisole,0
715,"A,a-dimethylphenethyl alcohol",0
716,Ethyl phenylacetate,0
717,Isoamyl propionate,0
718,"3,7-dimethyl-1-octanol",0
719,"1,3-butylene glycol",0
720,Ethyl formate,0
721,Isobutyl acetate,0
722,Glyceryl tripropanoate,0
723,Benzyl acetate,0
724,Citronellyl propionate,0
725,D-citronellol,0
726,Hexyl acetate,0
727,P-dimethoxybenzene,0
728,Isobutyl propionate,0
729,2-heptanol,0
730,3-heptanol,0
731,Isopropyl propionate,0
733,Fenchyl alcohol,0
734,Butyl levulinate,0
735,Ethyl maltol,0
736,Isoamyl acetate,0
737,Glucose pentaacetate,0
738,D-camphor,0
739,Isoeugenyl methyl ether,0
740,Citral (neral),0
741,Geranyl acetate,0
742,Geranyl formate,0
743,Cinnamyl alcohol,0
744,Cinnamyl formate,0
745,Geranyl propionate,0
746,Phenylacetaldehyde,0
747,Taurine,0
748,Propyl gallate,0
749,Theobromine,0
750,Phenethyl alcohol,0
751,L-leucine,0
753,Methyl acetate,0
754,6-methylcoumarin,0
755,2-methoxy-4-methylphenol,0
756,"P-mentha-1,4-diene",0
757,1-isopropyl-4-methyl,0
758,Phenethyl isobutyrate,0
759,3-phenylpropyl isobutyrate,0
760,Phenethyl formate,0
761,Propyl propionate,0
762,Propyl acetate,0
763,Propyl formate,0
764,2-octanone,0
765,Piperonal,0
766,Methyl anthranilate,0
767,O-methoxybenzaldehyde,0
768,Phenethyl isovalerate,0
769,Rhodinyl acetate,0
770,Nonyl alcohol,0
771,Nonyl acetate,0
772,Piperonyl acetate,0
773,6-methyl-5-hepten-2-one,0
775,Propyl isovalerate,0
776,1-penten-3-ol,0
777,Terpinyl formate,0
778,Menthyl isovalerate,0
779,3-phenylpropyl acetate,0
780,P-methoxybenzaldehyde,0
781,Phenylacetaldehyde dimethyl acetal,0
782,Linalyl formate,0
783,Rhodinyl formate,0
785,A-terpinyl anthranilate,0
786,Terpinyl propionate,0
787,A-methylbenzyl acetate,0
789,Polysorbate 20,0
790,Terpinyl isovalerate,0
791,Nerol,0
792,Polysorbate 80,0
793,2-tridecenal,0
794,Neryl isovalerate,0
795,Propyl 2-furanacrylate,0
796,3-methyl-2-phenylbutyraldehyde,0
797,Rhodinyl isovalerate,0
798,Polysorbate 60,0
799,"Santalyl acetate, a- and b-",0
800,Genistein,0
801,Daidzein,0
803,Prunetin ,0
804,Potassium chloride,0
805,Alpha-tetralone,0
806,Berberine,0
807,Prednisolone,0
808,"Epigallocatechin gallate,egcg",0
809,Catechin,0
810,Tangeretin,0
811,Nobiletin,0
812,Sinensetin,0
813,EC,1
813,Epicatechin,2
814,Gallocatechol ,2
817,Daidzin,0
818,Sinigrin ,0
819,Progoitrin,0
821,Hydrogen cyanide,0
822,Sulfur dioxide,0
823,Alitame-ll isomer,0
824,Coumestrol,0
825,Vancomycin,0
827,L-trp,0
827,L-tryptophan,1
828,Leu-trp,0
829,Phe-trp,0
829,Phe-trp phenylalanyltryptophan,1
831,Trp-phe,0
833,Leucyl-leucyl-leucine,1
834,Glycyl-l-leucine,1
834,Glycylleucine,2
835,gly-phe,0
835,glycyl-l-phenylalanine,1
835,Glycylphenylalanine,2
836,Phe-leu,0
836,Phenylalanylleucine,1
837,Pro-arg,0
837,Prolylarginine,1
838,Phe-phe-phe,0
838,Phenylalanyl-phenylalanyl-phenylalanine,1
839,4-Isopropylbenzaldehyde oxime,0
841,7- nitrosaccharin,0
846,5 nitrosaccharin,0
859,apigenin,0
860,chrysin,0
861,chrysoeriol,0
862,"5,2'-dihydroxyflavone",0
863,"5,4'-dihydroxyflavone",0
864,"6,4'-dihydroxyflavone",0
865,"7,4-'dihydroxyflavone",0
866,"5,7'-dimethoxyflavonee",0
867,"6,7'-dimethoxyflavone",0
868,flavone,0
869,genkwanin,0
870,5-hydroxyflavone,0
871,4'-hydroxyflavone,0
872,4'-hydroxy-6-methoxyflavone,0
873,4'-hydroxy-7-methoxyflavone,0
874,luteolin,0
875,6-methoxyluteolinb,0
876,scutellarein,0
877,tricetin,0
878,"5,7,2'-trihydroxyflavone",0
879,"7,3',4'-trihydroxyflavone",0
880,"5,7',4'-trimethoxyflavone",0
881,datiscetinb,0
882,fisetin,0
883,gossypetind,0
884,herbacetin,0
885,isorhamnetin,0
886,kaempferol,0
886,Kaempherol,1
887,morin,0
888,myricetind,0
889,quercetagetin,0
890,"3,6,3,4-tetrahydroxyflavone",0
891,"3,7,4-trihydroxyflavone",0
892,eriodictyolb,0
893,flavanone,0
895,homoeriodictyolc,0
899,silibinind,0
903,"3,2-dihydroxychalcone",0
904,eriodictyolchalconec,0
905,4-hydroxychalcone,0
907,"2,2,4-trihydroxychalcone",0
908,"4,2,5-trihydroxychalconee",0
909,phloretinb,0
910,cyanidin chloridec,0
911,pelargoninidin chloride,0
912,acetylgenistin,0
913,biochanin Ag,0
914,"7,4-dimethoxyisoflavone",0
915,formomonetin,0
916,glyciteing,0
917,glyciting,0
918,7-hydroxyisoflavoneg,0
919,isoflavone,0
920,"6,7,4-trihydroxyisoflavone",0
921,"7,8,4-trihydroxyisoflavone",0
922,"7,3,4-trihydroxyisoflavone",0
924,sulfuretinc,0
925,xanthonee,0
926,4-hydroxyanisol,0
927,Hg-12,0
929,1-Naphthoic acid,0
930,"1,8-naphthaladehyde acid",0
932,Piperonylic acid,0
933,Herbolide D,0
934,Pantoprazole,0
935,Glimepiride,0
936,Malathion,0
937,Mefenamic acid,0
938,Pemirolast,0
939,Miconazole,0
940,Salsalate,0
941,Niflumic acid,0
942,Diclofenac,0
944,Artecalin,0
945,"1&alpha,6&alpha,8&alpha-trihydroxy-5&alpha,7&betaH-guaia-3,9,11(13)-trien-12-oic acid",0
947,denatonium saccharide,0
949,"homoserine lactone, N-hexanoyl-L-",0
950,"homoserine lactone, N-(3-oxooctanoyl)-L-",0
951,"homoserine lactone, N-(3-oxohexanoyl)-L-",0
952,"homoserine lactone, N-butyryl-L-",0
954,Salicylic acid,0
956,Sucralose,0
957,2-Heptyl-3-hydroxy-quinolone,0
958,5-propyl-2-thiouracil,0
959,beta carotene,0
963,Berberine chloride,0
964,cis-11-Methyl-2-dodecenoic acid,0
966,creatinin,0
966,creatinine,1
969,lidocaine,0
970,ouabain,0
972,pyrocatechin,0
973,phenylbutazone,0
974,phenylethyl isothiocyanate,0
975,raffinose undecaacetate,0
978,avenanthramide 2c,0
979,avenanthramide 2p,0
980,avenanthramide 2f,0
981,avenanthramide 1p,0
982,avenanthramide 1c,0
983,avenanthramide 1f,0
984,avenanthramide 1s,0
985,avenanthramide 2s,0
986,avenacoside-A,0
987,avenacoside-B,0
988,avocadyne,0
989,avocadene,0
990,"1-acetoxy-2,4-dihydroxyheptadeca-16-ene",0
991,"1-acetoxy-2,4-dihydroxyheptadeca-16-yne",0
992,1-acetoxy-2-hydroxy-4-oxoheptadeca-16-ene,0
993,1-acetoxy-2-hydroxy-4-oxoheptadecane,0
994,1-acetoxy-2-hydroxy-4-oxo-octadeca-12-ene,0
995,"1-acetoxy-2-hydroxy-4-oxoheneicosa-5,12,15-triene",0
996,"1-acetoxy-2,4-dihydroxyheneicosa-12,15-diene",0
997,persin,0
998,Glyceryl monolinoleate,0
999,Glyceryl Monostearate,0
1000,1-O-palmitoyl-glycerol,0
1001,1-O-oleoyl-glycerol,0
1002,2-O-oleoyl-glycerol,0
1003,6-methoxymellein,0
1004,eugenin,0
1005,gazarin,0
1006,falcarinol,0
1007,falcarindiol 3-acetate,0
1009,4'-hydroxytunicatachalcone,0
1011,"1',2'-dihydroxanthohumol C",0
1012,"1',2'-dihydroisoxanthohumol C",0
1013,"1',2'-dihydroxanthohumol K",0
1014,xanthohumol P,0
1015,isoxanthohumol P,0
1016,5'-prenylxanthohumol,0
1017,"1',2'-dihydroxanthohumol F",0
1018,xanthohumol D,0
1019,xanthohumol B,0
1020,xanthohumol C,0
1021,xanthohumol H,0
1022,isoxanthohumol H,0
1023,xanthohumol N,0
1024,2'-hydroxy-xanthohumol M,0
1025,xanthohumol I,0
1026,xanthohumol O,0
1027,xanthohumol L,0
1028,xanthohumol M,0
1029,isoxanthohumol M,0
1030,"2',3'-dehydrocyclohumulohydrochinon",0
1031,1-methoxy-4-prenylphloroglucinol,0
1032,"cis-p-coumaric acid methyl
ester",0
1033,trans-p-coumaric acid methyl ester,0
1034,cis-p-coumaric acid ethyl ester,0
1035,p-coumaric acid ethyl ester,0
1035,trans-p-coumaric acid ethyl ester,1
1036,quercetin-3-O-?-D-glucopyranoside,0
1037,kaempferol-3-O-?-D-glucopyranoside,0
1038,kaempferol-3-O-?-D-(6?-malonyl)glucopyranoside,0
1039,1-O-beta-D-(2-methylpropanoyl)phloroglucinol glucopyranoside,0
1040,1-O-beta-D-(2-methylbutyryl)phloroglucinol glucopyranoside,0
1041,"phloroisovalerophenon-3,5-di-C-beta-D-glucopyranoside",0
1042,trans-N-feruloyltyramine,0
1043,nortricycloadlupone,0
1044,"2?,3?-epoxyxanthohumol",0
1045,xanthohumol G,0
1046,cohumulinone,0
1047,humulinone,0
1048,adhumulinone,0
1049,cis-cohumulinic acid,0
1050,cis-humulinic acid,0
1051,cis-adhumulinic acid,0
1052,trans-cohumulinic acid,0
1053,trans-humulinic acid,0
1054,trans-adhumulinic acid,0
1055,cis-alloisocohumulone,0
1056,cis-alloisohumulone,0
1057,cis-alloisoadhumulone,0
1058,trans-alloisocohumulone,0
1059,trans-alloisohumulone,0
1060,trans-alloisoadhumulone,0
1061,hydroxy-cis-alloisocohumulone,0
1062,hydroxy-cis-alloisohumulone,0
1063,hydroxy-cisalloisoadhumulone,0
1064,hydroxy-trans-alloisocohumulone,0
1065,hydroxy-trans-alloisohumulone,0
1066,hydroxy-trans-alloisoadhumulone,0
1067,hydroperoxy-cis-alloisocohumulone,0
1068,hydroperoxy-cis-alloisohumulone,0
1069,hydroperoxy-cis-alloisoadhumulone,0
1070,hydroperoxy-trans-alloisocohumulone,0
1071,hydroperoxy-trans-alloisohumulone,0
1072,hydroperoxy-trans-alloisoadhumulone,0
1073,tricyclocohumol,0
1074,tricyclohumol,0
1075,tricycloadhumol,0
1076,tricyclocohumene,0
1077,tricyclohumene,0
1078,tricycloadhumene,0
1079,tricyclocohumulactol,0
1080,tricyclohumulactol,0
1081,tricycloadhumulactol,0
1082,scorpiocohumol,0
1083,scorpiohumol,0
1084,cohulupone,0
1085,hulupone,0
1086,adhulupone,0
1087,hulupinic acid,0
1088,tetracyclocohumol,0
1089,tetracyclohumol,0
1090,tetracycloadhumol,0
1091,hydroxytricyclocolupone,0
1092,hydroxytricyclolupone,0
1093,hydroxytricycloadlupone,0
1094,hydroperoxytricyclocolupone,0
1095,hydroperoxytricyclolupone,0
1096,hydroperoxytricycloadlupone,0
1097,tricyclocolupone,0
1098,tricyclolupone,0
1099,tricycloadlupone,0
1100,dehydrotricyclocolupone,0
1101,dehydrotricyclolupone,0
1102,dehydrotricycloadlupone,0
1103,nortricyclocolupone,0
1104,nortricyclolupone,0
1105,furostanol saponin (TFI),0
1106,Officinalisnin I,0
1107,Officinalisnin II,0
1108,quinizolate,0
1110,"(2S,6S)-octahydrodipyrrolo[1,2-a;1?,2?-d]pyrazine-5,10-dione",0
1110,cis-cyclo(L-Pro-L-Pro),1
1111,pyrrolidinohexose reductone,0
1112,"7-methyl-2,3,6,7-tetrahydrocyclopenta[b]azepin-8(1H)-one",0
1113,"2,3-Di(pyrrolidine-1-yl)-5-hydroxy-5-methyl-2-cyclopentene-1-one",0
1113,bis(pyrrolidino)hexose reductone,1
1114,"3-O-[?-L-Rhap-(1?2)-{?-L-rhap-(1?4)}-?-D-glcp]-26-O-[?-D-glcp]-(25R)-22-hydroxyfurost-5-ene-3?,26-diole",0
1115,"3-O-[?-L-Rhap-(1?2)-{?-L-rhap-(1?4)}-?-D-glcp]-26-O-[?-D-glcp]-(25S)-22-hydroxyfurost-5-ene-3?,26-diole",0
1116,"(25R)-Furost-5-ene-3?,22,26-triol-3-O-[?-L-rhamnopyranosyl-(1?4)-?-D-gluco-pyranosid]-26-O-?-D-glucopyranoside",0
1117,"(25S)-Furost-5-ene-3?,22,26-triol-3-O-[?-L-rhamnopyranosyl-(1?4)-?-D-gluco-pyranosid]-26-O-?-D-glucopyranoside",0
1118,"(25R)-Furostane-3?,22,26-triol-3-O-[?-L-rhamnopyranosyl-(1?4)-?-D-glucopyranoside]-26-O-?-D-glucopyranoside",0
1119,"(25S)-Furostane-3?,22,26-triol-3-O-[?-L-rhamnopyranosyl-(1?4)-?-D-glucopyranoside]-26-O-?-D-glucopyranoside",0
1120,3-O-[?-L-Rhamnosypyranosyl-(1?2)-?-L-rhamnosypyranosyl-(1?4)-?-D-glucopyranosyl]-(25S)-spirost-5-en-3?-ole,0
1121,3-O-[?-D-Glucopyranosyl-(1?2)-?-D-xylopyranosyl-(1?4)-?-Dglucopyranosyl]-(25S)-5?-spirostan-3?-ole,0
1122,cis-cyclo(Gly-L-Pro),0
1123,cis-cyclo(L-Phe-L-Pro),0
1124,cis-cyclo(L-Leu-L-Pro),0
1125,cis-cyclo(Gly-L-Phe),0
1126,cis-cyclo(L-Asp-L-Phe),0
1127,cis-cyclo(L-Leu-Gly),0
1128,cis-cyclo(L-Ala-L-Leu),0
1129,cis-cyclo(L-Ala-L-Phe),0
1130,cis-cyclo(L-Ala-L-Pro),0
1131,cis-cyclo(L-Ala-L-Val),0
1132,cis-cyclo(L-Asn-L-Phe),0
1133,cis-cyclo(L-Val-L-Phe),0
1134,cis-cyclo(L-Pro-L-Thr),0
1135,cis-cyclo(L-Pro-L-Tyr),0
1136,cis-cyclo(L-Leu-L-Phe),0
1137,cis-cyclo(L-Val-L-Pro),0
1138,cis-cyclo(L-Phe-L-Ser),0
1139,cis-cyclo(L-Val-L-Val),0
1140,cis-cyclo(L-Ala-L-IIe),0
1141,cis-cyclo(L-Ala-L-Tyr),0
1142,cis-cyclo(L-Val-L-Leu),0
1143,cis-cyclo(L-Val-L-Tyr),0
1144,cis-cyclo(L-IIe-L-Phe),0
1145,cis-cyclo(L-IIe-L-Pro),0
1146,trans-cyclo(L-Val-D-Phe),0
1147,cis-cyclo(L-Ala-Gly),0
1148,trans-cyclo(D-Ala-L-Pro),0
1149,trans-cyclo(D-Ala-L-Val),0
1150,creatine,0
1151,L-TYROSINE,0
1153,L-lysine,0
1154,L-valine,0
1155,L-arginine,0
1156,Xanthine,0
1157,hypoxanthine,0
1158,inosine,0
1159,adenosine,0
1160,homoquinizolate,0
1161,procyanidin C1,0
1163,gallic acid ethyl ester,0
1164,vanillic acid ethyl ester,0
1165,syringic acid ethyl ester,0
1166,Ethyl trans-caffeate,0
1167,caffeic acid ethyl ester,0
1168,ethyl 4-hydroxy -3-methoxycinnamate,0
1168,ferulic acid ethyl ester,1
1168,"ferulic acid ethyl ester,",2
1169,Gamma-Glu-Tyr,0
1170,alpha-Glu-Tyr,0
1171,alpha-Glu-Trp,0
1172,sodium sulfate,0
1173,neohesperidine,0
1175,propanolol,0
1176,L-menthol,0
1177,capsaicin,0
1178,urea,0
1179,aspirin,0
1180,CaCl2,0
1180,calcium chloride,1
1181,magnesium chloride,0
1182,phenylpropanolamine HCl,0
1183,diosbulbin D,0
1184,(+)-Quercoresinoside A,0
1185,(-)-Quercoresinoside B,0
1186,(-)-3-Methoxy-4-hydroxyphenol 1-O-?-D-(6?-O-galloyl)-glucopyranoside,0
1187,per-oxy artemorin,0
1195,sintenin,0
1198,tatridn A acetate,0
1200,dihydro taurin,0
1209,Convallatoxin,0
1210,3-o-(p-D-glucopyranosy1)-oleanolicacid,0
1211,3-O-[(?-D-xylopyranosylx 1?3)]-[?-D-glucuronopyranosyl]-oleanolicacid,0
1212,3-O-[( ?-D-xylopyranosylx 1?3)]-[?-D-glucuronopyranosyl]-oleanolic acid-[?-D-glucopyranosyl]ester,0
1213,2-{4-[(E)-(Hydroxyimino)methyl]-3-cyclohexen-1-yl}-1-methoxy-2-propanol,0
1214,2-{4-[(E)-(Hydroxyimino)methyl]-3-cyclohexen-1-yl}-2-methoxy-1-propanol,0
1215,"2-{4-[(E)-(Hydroxyimino)methyl]-3-cyclohexen-1-yl}-1,2-propanediol",0
1216,"(E)-1-(3,6-Dihydro-2H-pyran-4-yl)-N-hydroxymethanimine",0
1217,"(E)-1-(5,6-Dihydro-2H-pyran-3-yl)-N-hydroxymethanimine",0
1218,"(E)-1-(3,6-Dihydro-2H-thiopyran-4-yl)-N-hydroxymethanimine",0
1219,"(E)-1-[4-(1,2-Dimethoxy-2-propanyl)-1-cyclohexen-1-yl]-N-hydroxymethanimine",0
1220,(E)-N-Hydroxy-1-[5-(1-methoxyethyl)-1-cyclohexen-1-yl]methanimine,0
1221,(E)-N-Hydroxy-1-[5-(methoxymethyl)-1-cyclohexen-1-yl]methanimine,0
1222,"(E)-N-Hydroxy-1-[5-(1-methoxyethyl)-1,4-cyclohexadien-1-yl]methanimine",0
1223,"(E)-1-(Bicyclo[2.2.2]octa-2,5-dien-2-yl)-N-hydroxymethanimine",0
1224,bergapten,0
1226,isopimpinellin,0
1227,skimmianine,0
1228,2-(1H-indol-3-yl)ethanol,0
1229,QLFNPSTNPWHSP,0
1230,QLFGPNVNPWHNP,0
1231,QLFNPSTNPW,0
1232,QLFNPSTNPW-COOC2H5,0
1233,QLFGPNVNPW-COOC2H5,0
1238,Rebaudioside D,0
1242,Lidocaine HCl,0
1243,Donepezil,0
1244,DIAZEPAM,0
1246,S praziquantel,0
1247,PGG,0
1248,procyanidin B3,0
1249,procyanidin  C2,0
1250,malvidin-3-glucoside,0
1251,cyanidin-3-glucoside,0
1252,Pyridostigmine Bromide,0
1253,Trp-Pro,0
1255,trans-pseudoisoeugenol 2-methyl butyrate,0
1258,Calcium lactate,0
1259,procyanidin B1,0
1260,procyanidin B2,0
1262,protocatechuic acid ethyl ester,0
1263,"N1,N4,N8-Tris(dihydrocaffeoyl)spermidine",0
1264,"N1,N8-Bis(dihydrocaffeoyl)spermidine",0
1265,1-O-Sinapoyl ?-D-glucoside,0
1266,5-O-Caffeoylquinic acid,0
1267,rabdosianone I,0
1268,rabdosianone II,0
1270,lactucopicrin,0
1271,lactucin-15-oxalate,0
1272,lactucopicrin-15-oxalate,0
1273,8-deoxylactucin-15-sulphate,0
1274,Acortatarin A,0
1275,Pollenopyrroside A,0
1276,epi-Acortatarin A,0
1277,Xylapyrroside A,0
1278,5-Hydroxymethyl-1-[(5-hydroxymethyl-2-furanyl)methyl]-1Hpyrrole-2-carbaldehyde,0
1279,"(2R)-3-(Allylthio)-2-[(4R)-4-(allylthiomethyl)-6-formyl-3-oxo-3,4-dihydropyrrolo-[1,2-a]pyrazin-2(1H)-yl] Propanoic Acid",0
1281,ranitidine hydrochloride,0
1282,geshoidin,0
1283,alpha Solanine,0
1283,solanine,1
1285,esculine Aesculin,0
1286,2-Naphthyl beta-D-glucopyranoside,0
1287,Methyl beta-D-glucoside,0
1288,Phenyl beta-D-galactopyranoside,0
1289,phenyl alpha-D-glucopyranoside,0
1290,2-nitro phenyl beta-D-glucopyranoside,0
1291,Obacunone,0
1292,momordicine,0
1295,"11?,13 dihydrolactucin",0
1296,Dehydrocyanaropicrin,0
1297,Gentiopicrin,0
1298,imidazole,0
1299,Pyridazine,0
1300,"1,3,7,9-Tetramethyluric acid",0
1301,Denatonium Chloride,0
1302,choline chloride,0
1304,Poncirin,0
1305,Scabraside,0
1306,"5-Methyl-2,3-dipyrrolidin-1-ylcyclopent-2-en-1-one",0
1309,"Pinellic acid; 9,12,13-TriHOME",0
1310,Artabsin,0
1311,digitoxin,0
1312,alpha chaconine,0
1314,tomatine,0
1315,solanidine,0
1316,isolupinine,0
1317,caffeic acid,0
1318,Manganese (II) chloride,0
1319,Ferrous Sulfate,0
1320,Pyrocatechol monoglucoside,0
1320,Demethylconiferin,1
1321,Idesin,0
1322,Idescarpin,0
1323,Idevestioside,0
1324,Isoquercitrin,0
1325,Magnoflorine,0
1326,Nevirapine,0
1327,Mozambioside,0
1328,11-O-Î²-d-glucosyl-(S)-16-desoxy-17-oxocafestol-2-on,0
1329,"11-O-Î²-d-glucosyl-15,16-dehydrocafestol-2-on",0
1330,11-O-Î²-d-glucosyl-(R)-16-desoxy-17-oxocafestol-2-on,0
1331,11-hydroxycafestol-2-on,0
1332,17-O-Î²-d-glucosyl-11-hydroxycafestol-2-on,0
1334,Bengalensol (7),0
1335,Sodium chenodesoxycholate,0
1336,Sodium desoxycholate,0
1337,Glycocholate sodium,0
1338,Taurolithocholic acid,0
1339,Denatonium saccharide,0
1340,"1,10-Phenanthroline",0
1341,Quinine sulphate,0
1342,Sodium taurocholate,0
1343,Na-Taurolithocholic acid,0
1344,Camphor,0
1345,Yohimbine hydrochloride,0
102,Amygdalin,0
1347,"2,2â€²-bipyridine",0
1348,"1,7-phenanthroline",0
1349,"4,7-phenanthroline",0
1350,"2,9-dimethyl-1,10-phenanthroline",0
1351,"4,7-dimethyl-1,10-phenanthroline",0
1352,"5,6-dimethyl-1,10-phenanthroline",0
1353,"1,10-phenanthroline-5,6-dione",0
1354,"1,10-phenanthrolin-5-amine",0
1355,"5-bromo-1,10-phenanthroline",0
1356,"5-chloro-1,10-phenanthroline",0
1357,"5-methyl-1,10-phenanthroline",0
1358,"5-nitro-1,10-phenanthroline",0
1359,"pyrazino[2,3-f] [1,10]phenanthroline",0
1360,"5,6-dimethoxy-1,10-phenanthroline",0
1361,"5,6-diethyl-1,10-phenanthroline",0
1362,"5,6-bis(prop-1-en-2yl)-1,10-phenanthroline",0
1363,"9,10-phenanthrenequinone",0
1364,"4,4â€²-dimethyl-2,2â€²-bipyridine",0
1365,RPKHPIK,0
1366,RPKHPIKHQ,0
1367,RPKHPIKHQGLPQ,0
1368,EVLN,0
1369,NENLL,0
1370,LRF,0
1371,FFVAPFPEVFGK,0
1372,APFPEVF,0
1373,APFPEVFG,0
1374,PEVF,0
1375,YLGYLEQLLR,0
1376,LGYLEQLL,0
1377,LEQLL,0
1378,LRL,0
1379,AYFYPEL,0
1380,FYPE,0
1381,FYPELF,0
1382,FYPELFR,0
1383,VPLGTQYTDAPSF,0
1384,FALPQYLK,0
1385,KPWIQPK,0
1386,VPGEIVESL,0
1387,QDKIHPFAQTQSLVYPFPGP,0
1388,QDKIHPFAQTQSLVYPFPGPIP,0
1389,AQTQSLVYPFPGPIPNSLPQNIPPLTQ,0
1390,PFPGPIPNS,0
1391,VPPFLQ,0
1392,APK,0
1393,TDVENLHLPLPL,0
1394,QSKVLPVPQ,0
1395,KAVPYPQ,0
1396,PYP,0
1397,RDMPIQAFLLY,0
1398,FLL,0
1399,YQEPVLGPVRGPFPII,0
1400,QEPVLGPVRGPFPIIV,0
1401,EPVLGPVRGPFPIIV,0
1402,GPFPII,0
1403,NLLRFF,0
1404,FFVAPFPEVF,0
1405,VAPFPEVFGKE,0
1406,VFGKEKVNEL,0
1407,EIVPN,0
1408,IQKEDVPS,0
1409,ERYLGYLEQ,0
1410,LLRLKK,0
1411,FALPQYLKT,0
1412,ELEEL,0
1413,RINKKIEKF,0
1414,SLVYPFPGPIHNS,0
1415,SLVYPFPGPIPNSL,0
1416,LVYPFPGPIHN,0
1417,VYPF,0
1418,VYPFPGPIPN,0
1419,VYP,0
1420,YPFPGPIPN,0
1421,YPF,0
1422,YPFPGP,0
1423,YPFPGPI,0
1424,YPFPGPIHN,0
1425,YPFPGPIHNS,0
1426,YPFPGPIPNS,0
1427,PFP,0
1428,PGPIP,0
1429,PFPGPI,0
1430,PFPGPIP,0
1431,PGP,0
1432,PIP,0
1433,TQTPVVVPPFL,0
1434,TQTPVVVPPFLQPE,0
1435,VVV,0
1436,VVVPP,0
1437,VVVPPFL,0
1438,VVVPPFLQP,0
1439,VVPPFL,0
1440,PPF,0
1441,PPFL,0
1442,AMAPKHKEMPFPKYPVEPF,0
1443,MAPKHKEMPFPKYPVEPF,0
1444,FPK,0
1445,VENLHLPLPLL,0
1446,VENLHLPLPLLQSW,0
1447,NLHLPLPLLQS,0
1448,LHLPLP,0
1449,LHLPLPLL,0
1450,LHLPLPLLQS,0
1451,HLPLPLLQ,0
1452,HLPLPLLQS,0
1453,LPLPLLQSW,0
1454,WMHQPHQPLPPTVMFPPQ,0
1455,FPP,0
1456,LSQSKVLPVPQKAVPYPQRDMPIQA,0
1457,KVLPVPQKAVPYPQ,0
1458,VLPVPQ,0
1459,VLPVPQKAVPYPQ,0
1460,YQEPVLGPVRGPFPIIV,0
1461,QEPVLGPVRGPFPII,0
1462,PVLGPV,0
1463,PVLGPVRGPFPIIV,0
1464,GPVRGPFP,0
1465,VRGPFP,0
1466,PVRGPFPIIV,0
1467,RGPFPIIV,0
1468,RGP,0
1469,PFPIIV,0
1470,FFSDKIAK,0
1471,IAKYIPI,0
1472,YQQKPVAL,0
1473,ARHPHPHLSFM,0
1474,AIPPKKNQDKTEIPTIN,0
1475,AIPPKKNQDKTEIPTINTIASGEPT,0
1476,LPQE,0
1477,VLNENLLR,0
1478,FVAPFPEV,0
1479,DIKQM,0
1480,IVPN,0
1481,SERYLGY,0
1482,AYPSGAW,0
1483,EPMIGVN,0
1484,FSDIPNPIGSE,0
1485,RHPHPHL,0
1486,DIPNPIGSEN,0
1487,SITRINK,0
1488,QDKIHPFAQTQSLVYPFPGPIPNSLPQNIPPLTQTPVVV,0
1489,PFPGPIHNS,0
1490,NIPPLTQ,0
1491,IPPL,0
1492,IPPLTQTPVVVPP,0
1493,TPVVVPPFLQPEVM,0
1494,VPPFLQPE,0
1495,VKEAMAPK,0
1496,APKHKEMPFPKYPVEPF,0
1497,MPFPKYPVEPF,0
1498,EMPFPKYPVEPF,0
1499,FPKYPV,0
1500,LTLTDVENLHL,0
1501,LPPL,0
1502,HQPHQPLPPTVM,0
1503,VMFPPQS,0
1504,RDMPIQA,0
1505,LPQEVLN,0
1506,LYQEPVLGPVR,0
1507,YQEPVLGP,0
1508,YQEPVLGPVR,0
1509,YQEPVLGPVRGPFP,0
1510,YQEPVLGPVRGPFPI,0
1511,QEPVLGPVRGPFP,0
1512,QEPVLGPVRGPFPI,0
1513,EPVLGPVRGPFP,0
1514,PVLGPVRGPFP,0
1515,VLGPVRGP,0
1516,LGPVRGPF,0
1517,LGPVRGPFP,0
1518,GPVRGPFPIIV,0
1519,GPFPIIV,0
1520,NYYQQKPVA,0
1521,SDIPNPIG,0
1522,INTIASGEPT,0
1523,LF,0
828,LW,0
1525,MI,0
1526,YP,0
1527,PF,0
1528,FP,0
1529,RG,0
1530,GV,0
1531,VV,0
1532,II,0
1533,VL,0
1534,GP,0
1535,FG,0
1536,FF,0
1537,IL,0
1538,AF,0
1539,GY,0
1540,IG,0
1541,GI,0
1542,RR,0
1543,PP,0
1544,KP,0
1545,RF,0
1546,LD,0
1547,YG,0
1548,RP,0
1549,LI,0
1550,SL,0
1551,PL,0
1552,KF,0
1553,VY,0
1554,VF,0
1555,YY,0
1556,IF,0
1557,FI,0
1558,YF,0
1559,AV,0
1560,VA,0
1561,VG,0
1562,PA,0
1563,ID,0
1564,IE,0
1565,IS,0
1566,IT,0
1567,IQ,0
1568,IN,0
1569,WE,0
1570,IK,0
1571,IA,0
1572,AL,0
1573,LA,0
1574,PY,0
1575,GW,0
1576,IV,0
1577,PI,0
1578,IP,0
1579,YL,0
1580,LY,0
1581,IW,0
1582,FY,0
1583,VD,0
1584,VI,0
1585,VE,0
1586,LV,0
1587,FV,0
1588,PK,0
1589,AD,0
1590,LE,0
1591,GE,0
1592,LG,0
1593,LL,0
833,LLL,0
1595,GYG,0
1596,YGG,0
1597,GGV,0
1598,ELL,0
1599,KPK,0
1600,LGL,0
1601,GLL,0
1602,LLG,0
1603,GLG,0
1604,PPG,0
1605,DLL,0
1606,GGY,0
1607,YYG,0
1608,YGY,0
1609,LGG,0
1610,GRP,0
1611,Ligstroside aglycon,0
1612,Oleuropein aglycon (closed type),0
1613,Oleocanthalic acid,0
1614,Oleomissional,0
1615,Elenolic acid,0
1617,Oxyphenonium,0
1618,Ranitidine,0
1620,Denatonium,0
1621,Cromolyn,0
1622,Picfelltarraenin IA,0
1624,Picroside II,0
1627,Baicalein,0
1628,Wogonin,0
1631,Jatrorrhizine,0
1632,Oxymatrine,0
1633,lw057,0
1634,lw070,0
1635,lw071,0
1636,lw072,0
1637,lw076,0
1638,lw077,0
1639,lw083,0
1640,lw084,0
1641,lw085,0
1642,lw086,0
1643,lw101,0
1644,lw103,0
1645,lw104,0
1646,lw105,0
1647,lw113,0
1648,lw114,0
1649,lw119,0
1650,lw122,0
1651,lw128,0
1652,lw130,0
1653,lw153,0
1654,lw154,0
1655,lw167,0
1656,lw169,0
1657,lw183,0
1658,lw190,0
1659,lw201,0
1660,lw205,0
1661,lwbk19,0
1662,lwbk20,0
1663,lwbk21,0
1664,lwjk05,0
1665,lwjk06,0
1666,lwlb17,0
1667,lwlb18,0
1668,lwlb19,0
1669,lwmr04,0
1670,lwmr05,0
1671,lwmr06,0
1672,lw19a,0
1673,lw208,0
1674,lw231,0
1675,lw253,0
1676,lw271,0
1677,lw273,0
1678,lw306,0
1679,lw308,0
1680,lw310,0
1681,lw317,0
1682,lw341,0
1683,lw50,0
1684,lwph005,0
1685,lwtp009,0
1686,Desogestrel,0
1687,Mebendazole,0
1690,"Cabozantinib (XL184, BMS-907351)",0
1691,Artemether,0
1692,Griseofulvin,0
1693,Etonogestrel,0
1695,"Orantinib (TSU-68, SU6668)",0
1696,"Fosbretabulin Disodium (Combretastatin A4 Disodium Phosphate, CA4DP)",0
1697,Bromocriptine mesylate,0
1703,Meclofenamate sodium,0
1707,Tolfenamic acid,0
1713,Butoconazole nitrate,0
1714,Oxibendazole,0
1718,Foretinib (GSK1363089),0
1719,Sulconazole nitrate,0
1720,Galeterone (TOK-001),0
1721,Albendazole,0
1723,Irisflorentin,0
1709,Exemestane,0
1702,Dutasteride,0
1711,LDE225 Diphosphate,0
1722,Monomethyl auristatin E,0
1716,Vinorelbine ditartrate,0
1691,Artemether (SM-224),1
1695,"TSU-68 (SU6668,Orantinib)",0
1720,TOK-001,0
1700,Vorapaxar,0
1688,Cabozantinib malate (XL184),0
1704,Flunixin Meglumin,0
1705,Medroxyprogesterone acetate,0
1689,Gestodene,0
1696,Fosbretabulin (Combretastatin A4 Phosphate (CA4P)) Disodium,0
1717,Deoxycorticosterone acetate,0
1712,Halobetasol Propionate,0
1701,Levonorgestrel,0
1694,Norethindrone,0
1710,Itraconazole,0
1715,Loteprednol etabonate,0
1708,Isavuconazole,0
1698,Podophyllotoxin,0
1699,Vinorelbine,0
1706,Vinblastine,0
1747,Spironolactone,0
1748,Simvastatin,0
1749,Finasteride,0
567,Ethylhydrocupreine,0
1751,Sodium 2-(4-methoxybenzoyl)benzoate,0
1752,Amitriptyline HCl,0
1753,Clomipramine HCl,0
1754,Desipramine HCI,0
1755,Doxepin HCl,0
1756,Imipramine HCI,0
1757,Trifluoperazine HCI,0
1758,Captopril,0
1759,Enalapril Maleate,0
1760,Ethacrynic acid,0
1761,Mexiletine HCI,0
1762,Procainamide HCl,0
1763,Propafenone HCI,0
1764,Propranolol HCl,0
1765,Diclofenac sodium,0
1766,Chlorpheniramine maleate,0
1767,Prochlorperazine,0
1768,Promethazine,0
1769,Ampicillin,0
1770,Ethambutol 2HCl,0
1771,Lomefloxacin HCI,0
1772,Tetracycline HCI,0
1773,Baclofen,0
1774,Buspirone HCI,0
1775,Cyclobenzaprine HCl,0
1776,Levamisole,0
1777,Didanosine,0
1778,Lamivudine,0
1779,Stavudine,0
1780,Zidovudine,0
1781,Indinavir,0
1782,Ritonavir,0
1783,Saquinavir mesylate,0
1784,N-3-Oxo-Dodecanoyl-L-Homoserine Lactone,0
1333,Mozambioside,0
1786,Cafestol,0
1787,Kahweol,0
1788,Bengalensol,0
991,Avocadyne 1-acetate,0
1790,1-acetoxy-2-hydroxy-4-oxo-octadeca-12-ene,0
1791,"(Z,Z,Z)-1-acetoxy-2-hydroxy-4-oxoheneicosa-5,12,15-triene",0
1792,12-Hydroxyoctadec-9-enoic acid,0
1793,12-Oxooctadec-9-enoic acid,0
1794,"(12Z)-9,10-Dihydroxyoctadec-12-enoic acid",0
1795,Engeletin,0
1796,"(2R,3R,4S,5S,6R)-2-[[(2R,3S,4S,5R,6S)-6-[(2S)-2-[(3S,5R,8R,10R,12R,13R,14R)-3-[(2R,3R,4S,5S,6R)-4,5-dihydroxy-6-(hydroxymethyl)-3-[(2S,3R,4S,5S,6R)-3,4,5-trihydroxy-6-(hydroxymethyl)oxan-2-yl]oxyoxan-2-yl]oxy-12-hydroxy-4,4,8,10,14-pentamethyl-2,3,5,6,7,9,11,12,13,15,16,17-dodecahydro-1H-cyclopenta[a]phenanthren-17-yl]-6-methylhept-5-en-2-yl]oxy-3,4,5-trihydroxyoxan-2-yl]methoxy]-6-(hydroxymethyl)oxane-3,4,5-triol",0
1797,"(1R,2R,4aS,6aS,6bR,10S,11R,12aR)-1,10,11-trihydroxy-1,2,6a,6b,9,9,12a-heptamethyl-2,3,4,5,6,6a,7,8,8a,10,11,12,13,14b-tetradecahydropicene-4a-carboxylic acid",0
1798,Oroxylin A glucoronide,0
1799,"5-[[(2R,3S,4R,5R,6R)-6-[[(8R,9R,13R,14S,17R)-17-[(2R)-5,6-dihydroxy-6-methylheptan-2-yl]-16-hydroxy-4,4,8,9,13,14-hexamethyl-1,2,3,7,10,11,12,15,16,17-decahydrocyclopenta[a]phenanthren-3-yl]oxy]-4,5-dihydroxy-3-[(2S,3R,4R,5R,6S)-3,4,5-trihydroxy-6-methyloxan-2-yl]oxyoxan-2-yl]methoxy]-3-hydroxy-3-methyl-5-oxopentanoicacid",0
1800,"(4aS,6aS,6bR,10S,12aR,14bS)-10-[(2R,3R,4S,5S,6R)-6-[[(2S,3R,4S,5S)-4,5-dihydroxy-3-[(2S,3R,4S,5R)-3,4,5-trihydroxyoxan-2-yl]oxyoxan-2-yl]oxymethyl]-4,5-dihydroxy-3-[(2S,3R,4S,5S,6R)-3,4,5-trihydroxy-6-(hydroxymethyl)oxan-2-yl]oxyoxan-2-yl]oxy-2,2,6a,6b,9,9,12a-heptamethyl-1,3,4,5,6,6a,7,8,8a,10,11,12,13,14b-tetradecahydropicene-4a-carboxylic acid",0
1801,"[(2S,3R,4S,5S,6R)-3,4,5-trihydroxy-6-[[(2R,3R,4S,5S,6R)-3,4,5-trihydroxy-6-(hydroxymethyl)oxan-2-yl]oxymethyl]oxan-2-yl] (4aS,6aS,6bR,9R,10S,12aR,14bS)-9-(hydroxymethyl)-2,2,6a,6b,9,12a-hexamethyl-10-[(2S,3R,4S,5S)-3,4,5-trihydroxyoxan-2-yl]oxy-1,3,4,5,6,6a,7,8,8a,10,11,12,13,14b-tetradecahydropicene-4a-carboxylate",0
1802,"[(2S,3R,4S,5S,6R)-3,4,5-trihydroxy-6-(hydroxymethyl)oxan-2-yl] (5S,9S,14S)-14-hydroxy-14-(hydroxymethyl)-5,9-dimethyltetracyclo[11.2.1.01,10.04,9]hexadecane-5-carboxylate",0
1803,"(2S,3R,4S,5S,6R)-2-[(2R,3R,4S,5S,6R)-2-[[(3S,8R,10R,12R,14R,17S)-17-[(2S)-2-[(2S,3R,4S,5S,6R)-6-[[(2R,3R,4R,5S)-3,4-dihydroxy-5-(hydroxymethyl)oxolan-2-yl]oxymethyl]-3,4,5-trihydroxyoxan-2-yl]oxy-6-methylhept-5-en-2-yl]-12-hydroxy-4,4,8,10,14-pentamethyl-2,3,5,6,7,9,11,12,13,15,16,17-dodecahydro-1H-cyclopenta[a]phenanthren-3-yl]oxy]-4,5-dihydroxy-6-(hydroxymethyl)oxan-3-yl]oxy-6-(hydroxymethyl)oxane-3,4,5-triol",0
1804,"(2S,3R,4S,5S,6R)-2-[(2R,3R,4S,5S,6R)-4,5-dihydroxy-6-(hydroxymethyl)-2-[[(3S,8R,10R,12R,14R,17S)-12-hydroxy-4,4,8,10,14-pentamethyl-17-[(2S)-6-methyl-2-[(2S,3R,4S,5S,6R)-3,4,5-trihydroxy-6-[[(2S,3R,4S,5S)-3,4,5-trihydroxyoxan-2-yl]oxymethyl]oxan-2-yl]oxyhept-5-en-2-yl]-2,3,5,6,7,9,11,12,13,15,16,17-dodecahydro-1H-cyclopenta[a]phenanthren-3-yl]oxy]oxan-3-yl]oxy-6-(hydroxymethyl)oxane-3,4,5-triol",0
1805,"(2R,3S,4S,5R,6R)-2-(hydroxymethyl)-6-[[(2R,3S,4S,5R,6S)-3,4,5-trihydroxy-6-[(2S)-2-[(3S,8R,10R,12R,14R,17S)-12-hydroxy-4,4,8,10,14-pentamethyl-3-[(2R,3R,4S,5S,6R)-3,4,5-trihydroxy-6-(hydroxymethyl)oxan-2-yl]oxy-2,3,5,6,7,9,11,12,13,15,16,17-dodecahydro-1H-cyclopenta[a]phenanthren-17-yl]-6-methylhept-5-en-2-yl]oxyoxan-2-yl]methoxy]oxane-3,4,5-triol",0
1806,"(4aR,6aS,6bR,10S,12aR)-10-[4,5-dihydroxy-3-[3,4,5-trihydroxy-6-(hydroxymethyl)oxan-2-yl]oxyoxan-2-yl]oxy-2,6a,6b,9,9,12a-hexamethyl-4a-[3,4,5-trihydroxy-6-(hydroxymethyl)oxan-2-yl]oxycarbonyl-1,3,4,5,6,6a,7,8,8a,10,11,12,13,14b-tetradecahydropicene-2-carboxylic acid",0
1807,Thunberginol H,0
1808,"3-[3,5-dimethoxy-4-[(2S,3R,4S,5S,6R)-3,4,5-trihydroxy-6-(hydroxymethyl)oxan-2-yl]oxyphenyl]-8-hydroxy-3,4-dihydroisochromen-1-one",0
1809,Cypellocarpin C,0
1810,"[(2S,3R,4S,5S,6R)-3,4,5-trihydroxy-6-(hydroxymethyl)oxan-2-yl] 13,14-dihydroxy-14-(hydroxymethyl)-5,9-dimethyltetracyclo[11.2.1.01,10.04,9]hexadecane-5-carboxylate",0
1811,"[3,4,5-trihydroxy-6-(hydroxymethyl)oxan-2-yl] 9-(hydroxymethyl)-2,2,6a,6b,9,12a-hexamethyl-10-[3,4,5-trihydroxy-6-[(3,4,5-trihydroxy-6-methyloxan-2-yl)oxymethyl]oxan-2-yl]oxy-1,3,4,5,6,6a,7,8,8a,10,11,12,13,14b-tetradecahydropicene-4a-carboxylate",0
1812,"[3,4,5-trihydroxy-6-(hydroxymethyl)oxan-2-yl] 5,9,13-trimethyl-14-oxotetracyclo[11.2.1.01,10.04,9]hexadecane-5-carboxylate",0
1813,Phytolaccasaponin G,0
1814,"(1R,2R,4aS,6aS,6bR,10R,11R,12aR,14bS)-1,10,11-trihydroxy-1,2,6a,6b,9,9,12a-heptamethyl-2,3,4,5,6,6a,7,8,8a,10,11,12,13,14b-tetradecahydropicene-4a-carboxylic acid",0
1815,"2-[3-hydroxy-2-(hydroxymethyl)-6-[[7,7,12,16-tetramethyl-15-(1,3,4-trihydroxy-6-methylhept-5-en-2-yl)-6-pentacyclo[9.7.0.01,3.03,8.012,16]octadecanyl]oxy]-5-[3,4,5-trihydroxy-6-(hydroxymethyl)oxan-2-yl]oxyoxan-4-yl]oxy-6-(hydroxymethyl)oxane-3,4,5-triol",0
1816,Goshonoside F5,0
1817,"2-[[3,4-dihydroxy-5-(hydroxymethyl)oxolan-2-yl]oxymethyl]-6-[[2-hydroxy-5-[(Z)-5-hydroxy-3-methylpent-3-enyl]-1,4a-dimethyl-6-methylidene-3,4,5,7,8,8a-hexahydro-2H-naphthalen-1-yl]methoxy]oxane-3,4,5-triol",0
1818,Goshonoside F2,0
1819,"(4aR,5R,6aS,6bR,10S,12aR,14bS)-1-deuterio-10-[(2R,3R,4S,5S,6R)-6-[[(2S,3R,4S,5S)-4,5-dihydroxy-3-[(2S,3R,4S,5S)-3,4,5-trihydroxyoxan-2-yl]oxyoxan-2-yl]oxymethyl]-4,5-dihydroxy-3-[(2S,3R,4S,5S,6R)-3,4,5-trihydroxy-6-(hydroxymethyl)oxan-2-yl]oxyoxan-2-yl]oxy-5-hydroxy-3-[(2E)-6-hydroxy-2,6-dimethylocta-2,7-dienoyl]oxy-2,2,6a,6b,9,9,12a-heptamethyl-1,3,4,5,6,6a,7,8,8a,10,11,12,13,14b-tetradecahydropicene-4a-carboxylicacid",0
1820,"2-[[3,4-dihydroxy-5-(hydroxymethyl)oxolan-2-yl]oxymethyl]-6-[[2-hydroxy-1,4a-dimethyl-6-methylidene-5-[(E)-3-methyl-5-[3,4,5-trihydroxy-6-(hydroxymethyl)oxan-2-yl]oxypent-3-enyl]-3,4,5,7,8,8a-hexahydro-2H-naphthalen-1-yl]methoxy]oxane-3,4,5-triol",0
1821,"6-[4,5-dihydroxy-6-(hydroxymethyl)-3-[3,4,5-trihydroxy-6-(hydroxymethyl)oxan-2-yl]oxyoxan-2-yl]oxy-15-[(E)-3,7-dihydroxy-6-methylhept-5-en-2-yl]-7,12,16-trimethylpentacyclo[9.7.0.01,3.03,8.012,16]octadecane-7-carboxylic acid",0
1822,Karaviloside V,0
1823,"(2S,3S,4S,5R,6R)-6-[[(3S,4S,6aR,6bS,8R,8aR,9R,10R,12aS,14bR)-8a-(acetyloxymethyl)-8,9-dihydroxy-4-(hydroxymethyl)-4,6a,6b,11,11,14b-hexamethyl-10-[(E)-2-methylbut-2-enoyl]oxy-1,2,3,4a,5,6,7,8,9,10,12,12a,14,14a-tetradecahydropicen-3-yl]oxy]-4-hydroxy-3,5-bis[[(2S,3R,4S,5S,6R)-3,4,5-trihydroxy-6-(hydroxymethyl)oxan-2-yl]oxy]oxane-2-carboxylic acid",0
1824,"(2S,3S,4S,5R,6R)-6-[(2R,3R,4S,5S,6S)-2-[[(3S,6aR,6bS,8aR,9R,14bS)-14b-formyl-9-hydroxy-4,4,6a,6b,8a,11,11-heptamethyl-1,2,3,4a,5,6,7,8,9,10,12,12a,14,14a-tetradecahydropicen-3-yl]oxy]-6-carboxy-4,5-dihydroxyoxan-3-yl]oxy-3,4,5-trihydroxyoxane-2-carboxylic acid",0
1825,"(2S,3S,4S,5R,6R)-6-[[(3S,6aR,6aR,6bR,8aR,9R,14bS)-6a-deuterio-14b-formyl-9-hydroxy-11-(hydroxymethyl)-4,4,6a,6b,8a,11-hexamethyl-1,2,3,4a,5,6,7,8,9,10,13,14,14a-tetradecahydropicen-3-yl]oxy]-5-[(2S,3R,4S,5R)-4,5-dihydroxy-3-[(2S,3R,4R,5R,6S)-3,4,5-trihydroxy-6-methyloxan-2-yl]oxyoxan-2-yl]oxy-3,4-dihydroxyoxane-2-carboxylicacid",0
1826,"(2S,3S,4S,5R,6R)-6-[[(3S,6aR,6bS,8aR,9R,14bS)-14b-formyl-9-hydroxy-11-(hydroxymethyl)-4,4,6a,6b,8a,11-hexamethyl-1,2,3,4a,5,6,7,8,9,10,12,12a,14,14a-tetradecahydropicen-3-yl]oxy]-5-[(2S,3R,4S,5R)-4,5-dihydroxy-3-[(2S,3R,4R,5R,6S)-3,4,5-trihydroxy-6-methyloxan-2-yl]oxyoxan-2-yl]oxy-3,4-dihydroxyoxane-2-carboxylicacid",0
1827,"(2S,3S,4S,5R,6R)-6-[(2R,3R,4S,5S,6S)-2-[[(3S,6aR,6aS,6bR,8aR,9R,14bS)-14b-formyl-9-hydroxy-4,4,6a,6b,8a,11,11-heptamethyl-1,2,3,4a,5,6,6a,7,8,9,10,13,14,14a-tetradecahydropicen-3-yl]oxy]-6-carboxy-4,5-dihydroxyoxan-3-yl]oxy-3,4,5-trihydroxyoxane-2-carboxylicacid",0
1828,"(2S,3S,4S,5R,6R)-6-[(2R,3R,4S,5S,6S)-2-[[(3S,6aR,6bS,8aR,9R,14bS)-9-hydroxy-14b-(hydroxymethyl)-4,4,6a,6b,8a,11,11-heptamethyl-1,2,3,4a,5,6,7,8,9,10,12,12a,14,14a-tetradecahydropicen-3-yl]oxy]-6-carboxy-4,5-dihydroxyoxan-3-yl]oxy-3,4,5-trihydroxyoxane-2-carboxylic acid",0
1829,"6-[2-[[14b-formyl-9-hydroxy-11-(hydroxymethyl)-4,4,6a,6b,8a,11-hexamethyl-1,2,3,4a,5,6,7,8,9,10,12,12a,14,14a-tetradecahydropicen-3-yl]oxy]-6-carboxy-4,5-dihydroxyoxan-3-yl]oxy-3,4,5-trihydroxyoxane-2-carboxylic acid",0
1830,"(2S,3S,4S,5R,6R)-6-[[(3S,4S,6aR,6bS,8aR,12aS,14bR)-11-carboxy-4-(hydroxymethyl)-4,6a,6b,8a,11,12a,14b-heptamethyl-9-oxo-2,3,4a,5,6,7,8,10,12,14,14a-dodecahydro-1H-picen-3-yl]oxy]-5-[(2S,3R,4S,5R,6R)-4,5-dihydroxy-6-(hydroxymethyl)-3-[(2S,3R,4R,5R,6S)-3,4,5-trihydroxy-6-methyloxan-2-yl]oxyoxan-2-yl]oxy-3,4-dihydroxyoxane-2-carboxylicacid",0
1831,"3-[(1S,2S,4aR,4bR,7S,8S,8aR)-8a-deuterio-7-[(E,2S)-2,6-dihydroxy-6-methylhept-4-en-2-yl]-1,4a,4b-trimethyl-2-prop-1-en-2-yl-8-[(2R,3R,4S,5S,6R)-3,4,5-trihydroxy-6-methyloxan-2-yl]oxy-3,4,5,6,7,8,9,10,10a-decahydro-2H-phenanthren-1-yl]propanoicacid",0
1832,"8-hydroxy-3-[3-hydroxy-4-[(2S,3R,4S,5S,6R)-3,4,5-trihydroxy-6-(hydroxymethyl)oxan-2-yl]oxyphenyl]-3,4-dihydroisochromen-1-one",0
1833,"3-[4,5-dihydroxy-6-(hydroxymethyl)-3-(3,4,5-trihydroxy-6-methyloxan-2-yl)oxyoxan-2-yl]oxy-17-[2,5-dihydroxy-6-methyl-6-[3,4,5-trihydroxy-6-(hydroxymethyl)oxan-2-yl]oxyheptan-2-yl]-4,4,9,13,14-pentamethyl-1,2,3,7,8,10,12,15,16,17-decahydrocyclopenta[a]phenanthren-11-one",0
1834,"(2R,3R,4S,5S,6R)-2-[[(3S,9R,10R,11R,13R,14S,17R)-17-[(2R,5R)-5,6-dihydroxy-6-methylheptan-2-yl]-11-hydroxy-4,4,9,13,14-pentamethyl-2,3,7,8,10,11,12,15,16,17-decahydro-1H-cyclopenta[a]phenanthren-3-yl]oxy]-6-(hydroxymethyl)oxane-3,4,5-triol",0
1835,Gynosaponin V,0
1836,"[(2S,3R,4R,5S,6S)-2-[(2S,3R,4S,5S,6R)-2-[(2S)-2-[(3S,5R,8R,10R,12R,13R,14R,17S)-3-[(2R,3R,4S,5S,6R)-4,5-dihydroxy-6-(hydroxymethyl)-3-[(2S,3R,4S,5S,6R)-3,4,5-trihydroxy-6-(hydroxymethyl)oxan-2-yl]oxyoxan-2-yl]oxy-12-hydroxy-4,4,8,10,14-pentamethyl-2,3,5,6,7,9,11,12,13,15,16,17-dodecahydro-1H-cyclopenta[a]phenanthren-17-yl]-6-methylhept-5-en-2-yl]oxy-4,5-dihydroxy-6-(hydroxymethyl)oxan-3-yl]oxy-3,5-dihydroxy-6-methyloxan-4-yl] acetate",0
1837,"[(2S,3R,4S,5S,6R)-3,4,5-trihydroxy-6-(hydroxymethyl)oxan-2-yl](4aS,6aS,6bR,10S,12aR,14bS)-10-[(2S,3R,4S,5S)-4-hydroxy-5-[(2S,3R,4S,5S,6R)-3,4,5-trihydroxy-6-(hydroxymethyl)oxan-2-yl]oxy-3-[(2S,3R,4R,5R,6S)-3,4,5-trihydroxy-6-methyloxan-2-yl]oxyoxan-2-yl]oxy-2,2,6a,6b,9,9,12a-heptamethyl-1,3,4,5,6,6a,7,8,8a,10,11,12,13-tetradecahydropicene-4a-carboxylate",0
1838,Gypenoside VN3,0
1839,"[(2S,3R,4S,5S,6R)-3,4,5-trihydroxy-6-(hydroxymethyl)oxan-2-yl] (1S,4S,5R,9S,10S,13S)-13-[(2S,3R,4S,5S,6R)-4,5-dihydroxy-6-(hydroxymethyl)-3-[(2S,3R,4S,5S,6R)-3,4,5-trihydroxy-6-(hydroxymethyl)oxan-2-yl]oxyoxan-2-yl]oxy-14-(dimethoxymethyl)-5,9-dimethyltetracyclo[11.2.1.01,10.04,9]hexadec-14-ene-5-carboxylate",0
1840,"5-[6-carboxy-3-[6-carboxy-4,5-dihydroxy-3-(3,4,5-trihydroxy-6-methyloxan-2-yl)oxyoxan-2-yl]oxy-4,5-dihydroxyoxan-2-yl]oxy-6-[[11-carboxy-4-(hydroxymethyl)-4,6a,6b,8a,11,14b-hexamethyl-1,2,3,4a,5,6,7,8,9,10,12,12a,14,14a-tetradecahydropicen-3-yl]oxy]-3,4-dihydroxyoxane-2-carboxylic acid",0
1841,"(2S,3S,4S,5R,6R)-6-[(11-carboxy-4,4,6a,6b,8a,11,14b-heptamethyl-1,2,3,4a,5,6,7,8,9,10,12,12a,14,14a-tetradecahydropicen-3-yl)oxy]-5-[(2R,3R,4S,5R,6S)-6-carboxy-3-[(2R,3R,4S,5S,6S)-6-carboxy-4,5-dihydroxy-3-[(2S,3R,4R,5R,6S)-3,4,5-trihydroxy-6-methyloxan-2-yl]oxyoxan-2-yl]oxy-4,5-dihydroxyoxan-2-yl]oxy-3,4-dihydroxyoxane-2-carboxylic acid",0
1842,"(2S,3R,4S,5S,6R)-2-[(2R,3R,4S,5S,6R)-4,5-dihydroxy-6-(hydroxymethyl)-2-[[(2R,3R,8R,10R,13R,14R,17S)-2-hydroxy-4,4,8,10,14-pentamethyl-17-[(2S)-6-methyl-2-[(2S,3R,4S,5S,6R)-3,4,5-trihydroxy-6-[[(2S,3R,4S,5R)-3,4,5-trihydroxyoxan-2-yl]oxymethyl]oxan-2-yl]oxyhept-5-en-2-yl]-2,3,5,6,7,9,11,12,13,15,16,17-dodecahydro-1H-cyclopenta[a]phenanthren-3-yl]oxy]oxan-3-yl]oxy-6-(hydroxymethyl)oxane-3,4,5-triol",0
1843,"3-[[(2R,3S,4S,5R,6S)-6-[(2S)-2-[(2R,3R,8R,10R,12R,13R,14R,17S)-3-[(2R,3R,4S,5S,6R)-4,5-dihydroxy-6-(hydroxymethyl)-3-[(2S,3R,4S,5S,6R)-3,4,5-trihydroxy-6-(hydroxymethyl)oxan-2-yl]oxyoxan-2-yl]oxy-2,12-dihydroxy-4,4,8,10,14-pentamethyl-2,3,5,6,7,9,11,12,13,15,16,17-dodecahydro-1H-cyclopenta[a]phenanthren-17-yl]-6-methylhept-5-en-2-yl]oxy-3,4,5-trihydroxyoxan-2-yl]methoxy]-3-oxopropanoic acid",0
1844,"[(2R,3S,4S,5R,6S)-6-[(2S)-2-[(2R,3R,8R,10R,12R,13R,14R,17S)-3-[(2R,3R,4S,5S,6R)-4,5-dihydroxy-6-(hydroxymethyl)-3-[(2S,3R,4S,5S,6R)-3,4,5-trihydroxy-6-(hydroxymethyl)oxan-2-yl]oxyoxan-2-yl]oxy-2,12-dihydroxy-4,4,8,10,14-pentamethyl-2,3,5,6,7,9,11,12,13,15,16,17-dodecahydro-1H-cyclopenta[a]phenanthren-17-yl]-6-methylhept-5-en-2-yl]oxy-3,4,5-trihydroxyoxan-2-yl]methyl acetate",0
1845,"(2R,3R,4S,5S,6R)-2-[[(2R,3S,4S,5R,6R)-6-[[(3S,9R,10R,11R,13R,14S,17R)-17-[(2R,5R)-5,6-dihydroxy-6-methylheptan-2-yl]-11-hydroxy-4,4,9,13,14-pentamethyl-2,3,7,8,10,11,12,15,16,17-decahydro-1H-cyclopenta[a]phenanthren-3-yl]oxy]-3,4,5-trihydroxyoxan-2-yl]methoxy]-6-(hydroxymethyl)oxane-3,4,5-triol",0
1846,"[3,4-dihydroxy-5-[[17-[(4E)-2-hydroxy-6-methylhepta-4,6-dien-2-yl]-4,4,8,10,14-pentamethyl-12-[(2R,3R,4S,5S,6R)-3,4,5-trihydroxy-6-methyloxan-2-yl]oxy-2,3,5,6,7,9,11,12,13,15,16,17-dodecahydro-1H-cyclopenta[a]phenanthren-3-yl]oxy]oxolan-2-yl]methyl acetate",0
1847,"3-[3-[(4E)-2-hydroxy-6-methylhepta-4,6-dien-2-yl]-6,9a,9b-trimethyl-7-prop-1-en-2-yl-4-[(2R,3R,4S,5S,6R)-3,4,5-trihydroxy-6-methyloxan-2-yl]oxy-1,2,3,3a,4,5,5a,7,8,9-decahydrocyclopenta[a]naphthalen-6-yl]propanoic acid",0
1848,"3-[3-[(4E)-2-hydroxy-6-methylhepta-4,6-dien-2-yl]-6,9a,9b-trimethyl-7-prop-1-en-2-yl-4-[(2R,3R,4S,5S,6R)-3,4,5-trihydroxy-6-(hydroxymethyl)oxan-2-yl]oxy-1,2,3,3a,4,5,5a,7,8,9-decahydrocyclopenta[a]naphthalen-6-yl]propanoic acid",0
1849,"[3,4-dihydroxy-5-[[17-[(4E)-2-hydroxy-6-methylhepta-4,6-dien-2-yl]-4,4,8,10,14-pentamethyl-12-[(2S,3R,4S,5S)-3,4,5-trihydroxyoxan-2-yl]oxy-2,3,5,6,7,9,11,12,13,15,16,17-dodecahydro-1H-cyclopenta[a]phenanthren-3-yl]oxy]oxolan-2-yl]methyl acetate",0
1850,"(2R,3R,4S,5S,6R)-2-[[3-[3,4-dihydroxy-5-(hydroxymethyl)oxolan-2-yl]oxy-17-[(4E)-2-hydroxy-6-methylhepta-4,6-dien-2-yl]-4,4,8,10,14-pentamethyl-2,3,5,6,7,9,11,12,13,15,16,17-dodecahydro-1H-cyclopenta[a]phenanthren-12-yl]oxy]-6-methyloxane-3,4,5-triol",0
1851,"[(2S,3R,4R,5S,6S)-2-[(2S,3R,4S,5R,6R)-2-[2-[3-[(2R,3R,4S,5S,6R)-4,5-dihydroxy-6-(hydroxymethyl)-3-[(2S,3R,4S,5S,6R)-3,4,5-trihydroxy-6-(hydroxymethyl)oxan-2-yl]oxyoxan-2-yl]oxy-12-hydroxy-4,4,8,10,14-pentamethyl-2,3,5,6,7,9,11,12,13,15,16,17-dodecahydro-1H-cyclopenta[a]phenanthren-17-yl]-6-methylhept-5-en-2-yl]oxy-5-hydroxy-6-(hydroxymethyl)-3-[(2S,3R,4R,5R,6S)-3,4,5-trihydroxy-6-methyloxan-2-yl]oxyoxan-4-yl]oxy-3,5-dihydroxy-6-methyloxan-4-yl]acetate",0
1852,"(2S,3S,4S,5R,6R)-6-[(2R,3R,4S,5S,6S)-6-carboxy-2-[(14-formyl-2,5,6,10,10,21-hexamethyl-22-oxo-23-oxahexacyclo[19.2.1.02,19.05,18.06,15.09,14]tetracos-19-en-11-yl)oxy]-4,5-dihydroxyoxan-3-yl]oxy-3,4,5-trihydroxyoxane-2-carboxylic acid",0
1853,"(2S,3S,4S,5R,6R)-6-[(2R,3R,4S,5S,6S)-6-carboxy-4,5-dihydroxy-2-[[14-(hydroxymethyl)-2,5,6,10,10,21-hexamethyl-22-oxo-23-oxahexacyclo[19.2.1.02,19.05,18.06,15.09,14]tetracos-19-en-11-yl]oxy]oxan-3-yl]oxy-3,4,5-trihydroxyoxane-2-carboxylic acid",0
1854,"methyl (1S,4aR,5R,6R,7R,7aR)-4a,5,6,7-tetrahydroxy-7-methyl-1-[(2S,3R,4S,5S,6R)-3,4,5-trihydroxy-6-(hydroxymethyl)oxan-2-yl]oxy-1,5,6,7a-tetrahydrocyclopenta[c]pyran-4-carboxylate",0
1855,Phlorigidoside C,0
1856,"(2S,3R,4R,5R,6S)-2-[(2R,3R,4S,5S,6R)-2-[[17-[(E)-2,6-dihydroxy-6-methylhept-4-en-2-yl]-4,4,9,13,14-pentamethyl-2,3,7,8,10,15,16,17-octahydro-1H-cyclopenta[a]phenanthren-3-yl]oxy]-4,5-dihydroxy-6-(hydroxymethyl)oxan-3-yl]oxy-6-methyloxane-3,4,5-triol",0
1857,"3-[(2R,3R,4S,5S,6R)-4,5-dihydroxy-6-(hydroxymethyl)-3-[(2S,3R,4R,5R,6S)-3,4,5-trihydroxy-6-methyloxan-2-yl]oxyoxan-2-yl]oxy-17-[(E)-2,6-dihydroxy-6-methylhept-4-en-2-yl]-4,4,9,13,14-pentamethyl-1,2,3,7,8,10,12,15,16,17-decahydrocyclopenta[a]phenanthren-11-one",0
1858,Gaudichaudioside C,0
1859,"3-[2-[(6S)-6-[(2R,3R,4S,5S,6R)-4,5-dihydroxy-6-(hydroxymethyl)-3-[(2S,3R,4S,5R)-3,4,5-trihydroxyoxan-2-yl]oxyoxan-2-yl]oxy-2,5,5,8a-tetramethyl-3,4,4a,6,7,8-hexahydronaphthalen-1-yl]ethyl]oxolane-2,5-dione",0
1860,"4-[2-[(6S)-6-[(2R,3R,4S,5S,6R)-4,5-dihydroxy-6-(hydroxymethyl)-3-[(2S,3R,4S,5R)-3,4,5-trihydroxyoxan-2-yl]oxyoxan-2-yl]oxy-2,5,5,8a-tetramethyl-3,4,4a,6,7,8-hexahydronaphthalen-1-yl]ethyl]-2-methoxy-2H-furan-5-one",0
1861,"5-[[(2R,3S,4S,5R,6R)-3,4-dihydroxy-6-[[17-[(4E)-2-hydroxy-6-methylhepta-4,6-dien-2-yl]-4,4,9,13,14-pentamethyl-11-oxo-1,2,3,7,8,10,12,15,16,17-decahydrocyclopenta[a]phenanthren-3-yl]oxy]-5-[(2S,3R,4R,5R,6S)-3,4,5-trihydroxy-6-methyloxan-2-yl]oxyoxan-2-yl]methoxy]-3-hydroxy-3-methyl-5-oxopentanoic acid",0
1862,"(2S,3R,4S,5S)-2-[[6-hydroxy-3-(hydroxymethyl)-4-[(Z)-5-hydroxy-3-methylpent-3-enyl]-4a,8,8-trimethyl-1,2,5,6,7,8a-hexahydronaphthalen-1-yl]oxy]oxane-3,4,5-triol",0
1863,"(2R,3R,4S,5S,6R)-2-[[6-hydroxy-3-(hydroxymethyl)-4-[(Z)-5-hydroxy-3-methylpent-3-enyl]-4a,8,8-trimethyl-1,2,5,6,7,8a-hexahydronaphthalen-1-yl]oxy]-6-(hydroxymethyl)oxane-3,4,5-triol",0
1864,"7-[2-(3,4-dihydroxy-2,5-dimethoxyoxolan-3-yl)ethyl]-5-hydroxy-7,8-dimethyl-5,6,6a,8,9,10-hexahydro-1H-benzo[d][2]benzofuran-3-one",0
1865,"5-[2-(3,4-dihydroxy-2,5-dimethoxyoxolan-3-yl)ethyl]-8a-(hydroxymethyl)-5,6-dimethyl-3,4,4a,6,7,8-hexahydronaphthalene-1-carboxylicacid",0
1866,"13,14-dihydroxy-5,5,9-trimethyl-14-[[3,4,5-trihydroxy-6-(hydroxymethyl)oxan-2-yl]oxymethyl]tetracyclo[11.2.1.01,10.04,9]hexadecan-6-one",0
1867,"3-[4-hydroxy-3-(2-hydroxy-6-methylhept-5-en-2-yl)-6,9a,9b-trimethyl-7-prop-1-en-2-yl-1,2,3,3a,4,5,5a,7,8,9-decahydrocyclopenta[a]naphthalen-6-yl]propanoic acid",0
1868,Cyclocarioside H,0
1869,"(1S,3R,6S,7S,12S,15R,16R)-7,12,16-trimethyl-15-[1-(5-methyl-6-oxo-2,3-dihydropyran-2-yl)ethyl]-6-[(2R,3R,4S,5S,6R)-3,4,5-trihydroxy-6-(hydroxymethyl)oxan-2-yl]oxypentacyclo[9.7.0.01,3.03,8.012,16]octadecane-7-carboxylicacid",0
1870,"(2S,3S,4S,5R,6R)-6-[[(3S,6aR,6bS,8aR,11S,12aS,14bR)-11-carboxy-4,4,6a,6b,8a,11,14b-heptamethyl-9-oxo-2,3,4a,5,6,7,8,10,12,12a,14,14a-dodecahydro-1H-picen-3-yl]oxy]-5-[(2S,3R,4S,5R,6R)-4,5-dihydroxy-6-(hydroxymethyl)-3-[(2S,3R,4R,5R,6S)-3,4,5-trihydroxy-6-methyloxan-2-yl]oxyoxan-2-yl]oxy-3,4-dihydroxyoxane-2-carboxylic acid",0
1871,"(3S,8S,9R,13R,14S,17R)-17-[(2R,5R)-6-hydroxy-6-methyl-5-[(2S,3R,4S,5S,6R)-3,4,5-trihydroxy-6-[[(2R,3R,4S,5S,6R)-3,4,5-trihydroxy-6-(hydroxymethyl)oxan-2-yl]oxymethyl]oxan-2-yl]oxyheptan-2-yl]-4,4,8,9,13,14-hexamethyl-3-[(2R,3R,4S,5S,6R)-3,4,5-trihydroxy-6-(hydroxymethyl)oxan-2-yl]oxy-2,3,7,10,12,15,16,17-octahydro-1H-cyclopenta[a]phenanthren-11-one",0
1872,"(2R,3R,4S,5S,6R)-2-[[(2R,3S,4S,5R,6S)-6-[(3R,6R)-6-[(3S,8S,9R,11R,13R,14S,17R)-3,11-dihydroxy-4,4,8,9,13,14-hexamethyl-1,2,3,7,10,11,12,15,16,17-decahydrocyclopenta[a]phenanthren-17-yl]-2-hydroxy-2-methylheptan-3-yl]oxy-3,4,5-trihydroxyoxan-2-yl]methoxy]-6-(hydroxymethyl)oxane-3,4,5-triol",0
1873,11-Dehydroxymogroside III,0
1874,"(2S,3R,4S,5S,6R)-2-[(3R,6R)-6-[(3S,8S,9R,11R,13R,14S,17R)-3,11-dihydroxy-4,4,9,13,14-pentamethyl-2,3,7,8,10,11,12,15,16,17-decahydro-1H-cyclopenta[a]phenanthren-17-yl]-2-hydroxy-2-methylheptan-3-yl]oxy-6-(hydroxymethyl)oxane-3,4,5-triol",0
1875,"(2R,3R,4S,5S,6R)-2-[[(3S,8R,9S,13R,14S,17R)-8-deuterio-17-[(2R,5R)-6-hydroxy-6-methyl-5-[(2S,3R,4S,5S,6R)-3,4,5-trihydroxy-6-(hydroxymethyl)oxan-2-yl]oxyheptan-2-yl]-4,4,9,13,14-pentamethyl-2,3,7,10,11,12,15,16,17-decahydro-1H-cyclopenta[a]phenanthren-3-yl]oxy]-6-(hydroxymethyl)oxane-3,4,5-triol",0
1876,"(3S,8R,9S,11R,13R,14R,17R)-3,11-dihydroxy-17-[(2R,5R)-6-hydroxy-6-methyl-5-[(2S,3R,4S,5S,6R)-3,4,5-trihydroxy-6-(hydroxymethyl)oxan-2-yl]oxyheptan-2-yl]-4,4,8,9,13,14-hexamethyl-2,3,10,11,12,15,16,17-octahydro-1H-cyclopenta[a]phenanthren-7-one",0
1877,"(3S,8S,9R,13R,14S,17R)-8-deuterio-17-[(2R,5R)-6-hydroxy-6-methyl-5-[(2S,3R,4S,5S,6R)-3,4,5-trihydroxy-6-(hydroxymethyl)oxan-2-yl]oxyheptan-2-yl]-4,4,9,13,14-pentamethyl-3-[(2R,3R,4S,5S,6R)-3,4,5-trihydroxy-6-(hydroxymethyl)oxan-2-yl]oxy-2,3,7,10,12,15,16,17-octahydro-1H-cyclopenta[a]phenanthren-11-one",0
1878,"(3S,8S,9R,13R,14S,17R)-17-deuterio-17-[(2S,5R)-2,6-dihydroxy-6-methyl-5-[(2S,3R,4S,5S,6R)-3,4,5-trihydroxy-6-(hydroxymethyl)oxan-2-yl]oxyheptan-2-yl]-3-hydroxy-4,4,9,13,14-pentamethyl-1,2,3,7,8,10,12,15,16,17-decahydrocyclopenta[a]phenanthren-11-one",0
1879,"(3S,8S,9R,13R,14S,17R)-3-hydroxy-9-(hydroxymethyl)-17-[(2R,5R)-6-hydroxy-6-methyl-5-[(2S,3R,4S,5S,6R)-3,4,5-trihydroxy-6-(hydroxymethyl)oxan-2-yl]oxyheptan-2-yl]-4,4,8,13,14-pentamethyl-1,2,3,7,10,12,15,16,17-decahydrocyclopenta[a]phenanthren-11-one",0
1880,"(3S,8S,9R,13R,14S,17R)-3-hydroxy-17-[(2R,5R)-6-hydroxy-6-methyl-5-[(2S,3R,4S,5S,6R)-3,4,5-trihydroxy-6-[[(2R,3R,4S,5S,6R)-3,4,5-trihydroxy-6-(hydroxymethyl)oxan-2-yl]oxymethyl]oxan-2-yl]oxyheptan-2-yl]-4,4,8,9,13,14-hexamethyl-1,2,3,7,10,12,15,16,17-decahydrocyclopenta[a]phenanthren-11-one",0
1881,Abrisaponin A,0
1882,"(2S,3S,4S,5R,6R)-6-[[(3S,6aR,6bS,8aR,11S,12aS,14bR)-11-carboxy-4,4,6a,6b,8a,11,14b-heptamethyl-9-oxo-2,3,4a,5,6,7,8,10,12,12a,14,14a-dodecahydro-1H-picen-3-yl]oxy]-3,4-dihydroxy-5-[(2S,3R,4S,5R,6R)-3,4,5-trihydroxy-6-(hydroxymethyl)oxan-2-yl]oxyoxane-2-carboxylic acid",0
1883,"(2S,3S,4S,5R,6R)-6-[[7-carboxy-15-(5,6-dihydroxy-6-methylheptan-2-yl)-7,12,16-trimethyl-6-pentacyclo[9.7.0.01,3.03,8.012,16]octadecanyl]oxy]-3,4-dihydroxy-5-[(2S,3R,4S,5S,6R)-3,4,5-trihydroxy-6-(hydroxymethyl)oxan-2-yl]oxyoxane-2-carboxylicacid",0
1884,Cyclocarioside D,0
1885,"2,6,6-trimethyl-2-(2,3,16-trihydroxy-4,4,9,13,14-pentamethyl-11-oxo-1,2,3,7,8,10,12,15,16,17-decahydrocyclopenta[a]phenanthren-17-yl)oxan-3-one",0
1886,"(2S,3R,4S,5S,6R)-2-[(2S,3R,4S,5R,6R)-2-[(2S,3R,4S,5R,6R)-2-[(2R,3R,4R,5R,6R)-6-[(1S,4S,5'R,6R,7S,8R,9S,13R,15R,16R)-7-deuterio-15-hydroxy-1,5',7,9,13-pentamethylspiro[5-oxapentacyclo[10.8.0.02,9.04,8.013,18]icos-18-ene-6,2'-oxane]-16-yl]oxy-4,5-dihydroxy-2-(hydroxymethyl)oxan-3-yl]oxy-5-hydroxy-6-(hydroxymethyl)-4-[(2S,3R,4S,5R)-3,4,5-trihydroxyoxan-2-yl]oxyoxan-3-yl]oxy-3,5-dihydroxy-6-(hydroxymethyl)oxan-4-yl]oxy-6-(hydroxymethyl)oxane-3,4,5-triol",0
1887,Gypenoside LVII,0
1888,"(2R,3R,4S,5S,6R)-2-[[(2R,3R,8R,10R,12R,13R,14R,17S)-2,12-dihydroxy-4,4,8,10,14-pentamethyl-17-[(2S)-6-methyl-2-[(2S,3R,4S,5S,6R)-3,4,5-trihydroxy-6-(hydroxymethyl)oxan-2-yl]oxyhept-5-en-2-yl]-2,3,5,6,7,9,11,12,13,15,16,17-dodecahydro-1H-cyclopenta[a]phenanthren-3-yl]oxy]-6-(hydroxymethyl)oxane-3,4,5-triol",0
1889,"(2S,3R,4S,5S,6R)-2-[(2R,3R,4S,5S,6R)-2-[[(2R,3R,8R,10R,12R,13R,14R,17S)-13-deuterio-2,12-dihydroxy-17-[(2S)-2-hydroxy-6-methylhept-5-en-2-yl]-4,4,8,10,14-pentamethyl-1,2,3,5,6,7,9,11,12,15,16-dodecahydrocyclopenta[a]phenanthren-3-yl]oxy]-4,5-dihydroxy-6-(hydroxymethyl)oxan-3-yl]oxy-6-(hydroxymethyl)oxane-3,4,5-triol",0
1890,Cyclocarioside B,0
1891,"(2S,3R,4R,5R,6S)-2-[(2R,3R,4S,5S,6R)-2-[[(2R,3R,8R,10R,12R,13R,14R,17S)-2,12-dihydroxy-4,4,8,10,14-pentamethyl-17-[(2S)-6-methyl-2-[(2S,3R,4S,5S,6R)-3,4,5-trihydroxy-6-[[(2R,3R,4S,5S,6R)-3,4,5-trihydroxy-6-(hydroxymethyl)oxan-2-yl]oxymethyl]oxan-2-yl]oxyhept-5-en-2-yl]-2,3,5,6,7,9,11,12,13,15,16,17-dodecahydro-1H-cyclopenta[a]phenanthren-3-yl]oxy]-4,5-dihydroxy-6-(hydroxymethyl)oxan-3-yl]oxy-6-methyloxane-3,4,5-triol",0
1892,"(2R,3R,4R,5R,6S)-2-[[(2R,3S,4S,5R,6S)-6-[(2S)-2-[(2R,3R,8R,10R,12R,13R,14R,17S)-13-deuterio-3-[(2R,3R,4S,5S,6R)-4,5-dihydroxy-6-(hydroxymethyl)-3-[(2S,3R,4R,5R,6S)-3,4,5-trihydroxy-6-methyloxan-2-yl]oxyoxan-2-yl]oxy-2,12-dihydroxy-4,4,8,10,14-pentamethyl-1,2,3,5,6,7,9,11,12,15,16,17-dodecahydrocyclopenta[a]phenanthren-17-yl]-6-methylhept-5-en-2-yl]oxy-3,4,5-trihydroxyoxan-2-yl]methoxy]-6-methyloxane-3,4,5-triol",0
1893,"(2S,3R,4R,5R,6S)-2-[(2R,3R,4S,5S,6R)-4-hydroxy-6-(hydroxymethyl)-2-[[(3S,8R,10R,12R,13R,14R,17S)-12-hydroxy-4,4,8,10,14-pentamethyl-17-[(2S)-6-methyl-2-[(2S,3R,4S,5S,6R)-3,4,5-trihydroxy-6-(hydroxymethyl)oxan-2-yl]oxyhept-5-en-2-yl]-2,3,5,6,7,9,11,12,13,15,16,17-dodecahydro-1H-cyclopenta[a]phenanthren-3-yl]oxy]-5-[(2S,3R,4S,5S)-3,4,5-trihydroxyoxan-2-yl]oxyoxan-3-yl]oxy-6-methyloxane-3,4,5-triol",0
1894,"(2R,3R,4R,5R,6S)-2-[[(2R,3S,4S,5R,6S)-6-[(2S)-2-[(2R,3R,8R,10R,12R,13R,14R,17S)-3-[(2S,3R,4S,5R)-4,5-dihydroxy-3-[(2S,3R,4R,5R,6S)-3,4,5-trihydroxy-6-methyloxan-2-yl]oxyoxan-2-yl]oxy-2,12-dihydroxy-4,4,8,10,14-pentamethyl-2,3,5,6,7,9,11,12,13,15,16,17-dodecahydro-1H-cyclopenta[a]phenanthren-17-yl]-6-methylhept-5-en-2-yl]oxy-3,4,5-trihydroxyoxan-2-yl]methoxy]-6-methyloxane-3,4,5-triol",0
1895,"(2R,3R,4R,5R,6S)-2-[[(2R,3S,4S,5R,6S)-6-[(2S)-2-[(3S,8R,10R,12R,13R,14R,17S)-13-deuterio-3-[(2S,3R,4S,5R)-4,5-dihydroxy-3-[(2S,3R,4R,5R,6S)-3,4,5-trihydroxy-6-methyloxan-2-yl]oxyoxan-2-yl]oxy-12-hydroxy-4,4,8,10,14-pentamethyl-1,2,3,5,6,7,9,11,12,15,16,17-dodecahydrocyclopenta[a]phenanthren-17-yl]-6-methylhept-5-en-2-yl]oxy-3,4,5-trihydroxyoxan-2-yl]methoxy]-6-methyloxane-3,4,5-triol",0
1896,"(2R,3R,4R,5R,6S)-2-[[(2R,3S,4S,5R,6S)-6-[(2S)-2-[(3S,8R,10R,12R,13R,14R,17S)-13-deuterio-3-[(2S,3R,4S,5R)-4,5-dihydroxy-3-[(2S,3R,4R,5R,6S)-3,4,5-trihydroxy-6-methyloxan-2-yl]oxyoxan-2-yl]oxy-12-hydroxy-4,4,8,10,14-pentamethyl-1,2,3,5,6,7,9,11,12,15,16,17-dodecahydrocyclopenta[a]phenanthren-17-yl]-6-methylhept-5-en-2-yl]oxy-3,4,5-trihydroxyoxan-2-yl]methoxy]-6-methyloxane-3,4,5-triol",0
1897,"2-[2-[[17-(2,5-dihydroxy-6-methylhept-6-en-2-yl)-2,12-dihydroxy-4,4,8,10,14-pentamethyl-2,3,5,6,7,9,11,12,13,15,16,17-dodecahydro-1H-cyclopenta[a]phenanthren-3-yl]oxy]-4,5-dihydroxy-6-(hydroxymethyl)oxan-3-yl]oxy-6-(hydroxymethyl)oxane-3,4,5-triol",0
1898,"2-[[17-[(4E)-2-hydroxy-6-methylhepta-4,6-dien-2-yl]-4,4,8,10,14-pentamethyl-3-(3,4,5-trihydroxyoxan-2-yl)oxy-2,3,5,6,7,9,11,12,13,15,16,17-dodecahydro-1H-cyclopenta[a]phenanthren-12-yl]oxy]-6-methyloxane-3,4,5-triol",0
1899,"methyl3-[(3S,3aR,4R,6S,7S,9aR,9bR)-3-[(E,2S)-2,6-dihydroxy-6-methylhept-4-en-2-yl]-3a,6,9a-trimethyl-7-prop-1-en-2-yl-4-[(2S,3R,4S,5S)-3,4,5-trihydroxyoxan-2-yl]oxy-1,2,3,4,5,5a,7,8,9-decahydrocyclopenta[a]naphthalen-6-yl]propanoate",0
1900,"(2R,3R,4S,5S,6R)-2-[[14-hydroxy-5-(hydroxymethyl)-5,9-dimethyl-14-tetracyclo[11.2.1.01,10.04,9]hexadecanyl]methoxy]-6-(hydroxymethyl)oxane-3,4,5-triol",0
1901,"[3,4,5-trihydroxy-6-(hydroxymethyl)oxan-2-yl]13-hydroxy-5',9'-dimethylspiro[oxirane-2,14'-tetracyclo[11.2.1.01,10.04,9]hexadecane]-5'-carboxylate",0
1902,"(1S,4S,9S,10R,13R,14R)-14-hydroxy-5,5,9-trimethyl-14-[[(2R,3R,4S,5S,6R)-3,4,5-trihydroxy-6-(hydroxymethyl)oxan-2-yl]oxymethyl]tetracyclo[11.2.1.01,10.04,9]hexadecan-6-one",0
1903,"(3S,8R,10S,12R,13R,14R,17S)-13-deuterio-3-[(2R,3R,4S,5S,6R)-4,5-dihydroxy-6-(hydroxymethyl)-3-[(2S,3R,4S,5S,6R)-3,4,5-trihydroxy-6-(hydroxymethyl)oxan-2-yl]oxyoxan-2-yl]oxy-12-hydroxy-17-[(2S)-2-hydroxy-6-methylhept-5-en-2-yl]-4,4,8,14-tetramethyl-1,2,3,5,6,7,9,11,12,15,16-dodecahydrocyclopenta[a]phenanthrene-10-carboxylicacid",0
1904,"methyl 3-[3-[(E)-2,6-dihydroxy-6-methylhept-4-en-2-yl]-4-hydroxy-6,9a,9b-trimethyl-7-prop-1-en-2-yl-1,2,3,3a,4,5,5a,7,8,9-decahydrocyclopenta[a]naphthalen-6-yl]propanoate",0
1905,"(2S,3S,4S,5R,6R)-6-[(2R,3R,4S,5S,6S)-2-[[(3S,6aR,6bS,8aS,11S,12aR,14bS)-4,4,6a,6b,8a,11,14b-heptamethyl-14-oxo-11-[(2S,3R,4S,5S,6R)-3,4,5-trihydroxy-6-(hydroxymethyl)oxan-2-yl]oxycarbonyl-2,3,4a,5,6,7,8,9,10,12,12a,14a-dodecahydro-1H-picen-3-yl]oxy]-6-carboxy-4,5-dihydroxyoxan-3-yl]oxy-3,4,5-trihydroxyoxane-2-carboxylic acid",0
1906,"6-[(9-acetyloxy-11-carboxy-4,4,6a,6b,8a,11,14b-heptamethyl-14-oxo-2,3,4a,5,6,7,8,9,10,12,12a,14a-dodecahydro-1H-picen-3-yl)oxy]-5-[4,5-dihydroxy-6-(hydroxymethyl)-3-(3,4,5-trihydroxy-6-methyloxan-2-yl)oxyoxan-2-yl]oxy-3,4-dihydroxyoxane-2-carboxylicacid",0
1907,"3-[6,9a,9b-trimethyl-7-prop-1-en-2-yl-3-(2,4,5-trihydroxy-6-methylhept-6-en-2-yl)-4-[(2S,3R,4S,5S)-3,4,5-trihydroxyoxan-2-yl]oxy-1,2,3,3a,4,5,5a,7,8,9-decahydrocyclopenta[a]naphthalen-6-yl]propanoic acid",0
1908,"(3S,9R,13R,14S)-17-[(2R,5R)-5-[(2S,3R,4S,5S,6R)-4,5-dihydroxy-3-[(2R,3R,4S,5S,6R)-3,4,5-trihydroxy-6-(hydroxymethyl)oxan-2-yl]oxy-6-[[(2R,3R,4S,5S,6R)-3,4,5-trihydroxy-6-(hydroxymethyl)oxan-2-yl]oxymethyl]oxan-2-yl]oxy-6-hydroxy-6-methylheptan-2-yl]-3-hydroxy-9-(hydroxymethyl)-4,4,13,14-tetramethyl-1,2,3,7,8,10,12,15,16,17-decahydrocyclopenta[a]phenanthren-11-one",0
1909,"(2S,3S,4S,5R,6R)-6-[[(3S,4S,6aR,6bS,8aR,11R,12aS,14bR)-9-acetyloxy-11-carboxy-4-(hydroxymethyl)-4,6a,6b,8a,11,12a,14b-heptamethyl-1,2,3,4a,5,6,7,8,9,10,12,14,14a-tetradecahydropicen-3-yl]oxy]-5-[(2R,3R,4S,5S,6S)-6-carboxy-4,5-dihydroxy-3-[(2S,3R,4R,5R,6S)-3,4,5-trihydroxy-6-methyloxan-2-yl]oxyoxan-2-yl]oxy-3,4-dihydroxyoxane-2-carboxylicacid",0
1910,"3-[6-(2-carboxyethyl)-6,9a,9b-trimethyl-7-prop-1-en-2-yl-4-(3,4,5-trihydroxyoxan-2-yl)oxy-1,2,3,3a,4,5,5a,7,8,9-decahydrocyclopenta[a]naphthalen-3-yl]-3-hydroxybutanoic acid",0
1911,"3-[3-(2-hydroxy-4-methoxy-6-methylhept-5-en-2-yl)-6,9a,9b-trimethyl-7-prop-1-en-2-yl-4-(3,4,5-trihydroxy-6-methyloxan-2-yl)oxy-1,2,3,3a,4,5,5a,7,8,9-decahydrocyclopenta[a]naphthalen-6-yl]propanoic acid",0
1912,Cyclocarioside J,0
1913,"3-[3-(2-hydroxy-4-methoxy-6-methylhept-5-en-2-yl)-6,9a,9b-trimethyl-7-prop-1-en-2-yl-4-(3,4,5-trihydroxy-6-methyloxan-2-yl)oxy-1,2,3,3a,4,5,5a,7,8,9-decahydrocyclopenta[a]naphthalen-6-yl]propanoic acid",0
1914,"(2S,3S,4S,5R,6R)-6-[[(3S,6aS,6bR,8aS,14bS)-4,4,6a,6b,11,11,14b-heptamethyl-8a-[(2S,3R,4S,5S,6R)-3,4,5-trihydroxy-6-(hydroxymethyl)oxan-2-yl]oxycarbonyl-1,2,3,4a,5,6,7,8,9,10,12,12a-dodecahydropicen-3-yl]oxy]-3,5-dihydroxy-4-[(2S,3R,4S,5S)-3,4,5-trihydroxyoxan-2-yl]oxyoxane-2-carboxylic acid",0
1915,"(2R,3S,4S,5R,6R)-2-(hydroxymethyl)-6-[[(2R,3S,4S,5R,6R)-3,4,5-trihydroxy-6-[[11-hydroxy-17-[(E)-6-hydroxy-6-methylhept-4-en-2-yl]-4,4,9,13,14-pentamethyl-2,3,7,8,10,11,12,15,16,17-decahydro-1H-cyclopenta[a]phenanthren-3-yl]oxy]oxan-2-yl]methoxy]oxane-3,4,5-triol",0
1916,"(2S,3R,4S,5S,6R)-2-[(2R,3R,4S,5S,6R)-2-[[17-[5,6-dihydroxy-6-methyl-2-[(2S,3R,4S,5S,6R)-3,4,5-trihydroxy-6-[[(2S,3R,4S,5R)-3,4,5-trihydroxyoxan-2-yl]oxymethyl]oxan-2-yl]oxyheptan-2-yl]-2,12-dihydroxy-4,4,8,10,14-pentamethyl-2,3,5,6,7,9,11,12,13,15,16,17-dodecahydro-1H-cyclopenta[a]phenanthren-3-yl]oxy]-4,5-dihydroxy-6-(hydroxymethyl)oxan-3-yl]oxy-6-(hydroxymethyl)oxane-3,4,5-triol",0
1917,"(2S,3R,4S,5S,6R)-2-[(2R,3R,4S,5S,6R)-2-[[17-[5,6-dihydroxy-6-methyl-2-[(2S,3R,4S,5S,6R)-3,4,5-trihydroxy-6-(hydroxymethyl)oxan-2-yl]oxyheptan-2-yl]-2,12-dihydroxy-4,4,8,10,14-pentamethyl-2,3,5,6,7,9,11,12,13,15,16,17-dodecahydro-1H-cyclopenta[a]phenanthren-3-yl]oxy]-4,5-dihydroxy-6-(hydroxymethyl)oxan-3-yl]oxy-6-(hydroxymethyl)oxane-3,4,5-triol",0
1918,"(3S,8S,9S,13R,14S,17R)-17-[(2R,5R)-5-[(2S,3R,4S,5S,6R)-4,5-dihydroxy-3-[(2R,3R,4S,5S,6R)-3,4,5-trihydroxy-6-(hydroxymethyl)oxan-2-yl]oxy-6-[[(2R,3R,4S,5S,6R)-3,4,5-trihydroxy-6-(hydroxymethyl)oxan-2-yl]oxymethyl]oxan-2-yl]oxy-6-hydroxy-6-methylheptan-2-yl]-4,4,9,13,14-pentamethyl-3-[(2R,3R,4S,5S,6R)-3,4,5-trihydroxy-6-[[(2R,3R,4S,5S,6R)-3,4,5-trihydroxy-6-(hydroxymethyl)oxan-2-yl]oxymethyl]oxan-2-yl]oxy-2,3,8,10,12,15,16,17-octahydro-1H-cyclopenta[a]phenanthrene-7,11-dione",0
1919,"[(2S,3R,4R,5R)-5-[[(3R,8R,10R,14R,17S)-17-[(E,2S)-2,6-dihydroxy-6-methylhept-4-en-2-yl]-4,4,8,10,14-pentamethyl-12-[(2S,3R,4S,5S)-3,4,5-trihydroxyoxan-2-yl]oxy-2,3,5,6,7,9,11,12,13,15,16,17-dodecahydro-1H-cyclopenta[a]phenanthren-3-yl]oxy]-3,4-dihydroxyoxolan-2-yl]methyl acetate",0
1920,"methyl3-[3-[5-(2-hydroxypropan-2-yl)-2-methyloxolan-2-yl]-6,9a,9b-trimethyl-7-prop-1-en-2-yl-4-[(2S,3R,4S,5S)-3,4,5-trihydroxyoxan-2-yl]oxy-1,2,3,3a,4,5,5a,7,8,9-decahydrocyclopenta[a]naphthalen-6-yl]propanoate",0
1921,"(2S,3R,4S,5S,6R)-2-[(2S)-6-methyl-2-[(2R,3R,8R,10R,12R,13R,14R,17S)-13-deuterio-2,3,12-trihydroxy-4,4,8,10,14-pentamethyl-2,3,5,6,7,9,11,12,15,16,17-dodecahydro-1H-cyclopenta[a]phenanthren-17-yl]hept-5-en-2-yl]oxy-6-[[(2S,3R,4S,5R)-3,4,5-trihydroxyoxan-2-yl]oxymethyl]oxane-3,4,5-triol",0
1922,"(3S,8S,9R,13R,14S,17R)-3-hydroxy-17-[(2R,5R)-6-hydroxy-6-methyl-5-[(2S,3R,4S,5S,6R)-3,4,5-trihydroxy-6-(hydroxymethyl)oxan-2-yl]oxyheptan-2-yl]-4,4,9,13,14-pentamethyl-1,2,3,7,8,10,12,15,16,17-decahydrocyclopenta[a]phenanthren-11-one",0
1923,"3-[3-[(E)-2-hydroxy-6-methoxy-6-methylhept-4-en-2-yl]-6,9a,9b-trimethyl-7-prop-1-en-2-yl-4-[(2R,3R,4S,5S,6R)-3,4,5-trihydroxy-6-(hydroxymethyl)oxan-2-yl]oxy-1,2,3,3a,4,5,5a,7,8,9-decahydrocyclopenta[a]naphthalen-6-yl]propanoic acid",0
1924,"[(2S,3R,4R,5R)-3,4-dihydroxy-5-[[17-[(E)-2-hydroxy-6-methoxy-6-methylhept-4-en-2-yl]-4,4,8,10,14-pentamethyl-12-[(2R,3R,4S,5S,6R)-3,4,5-trihydroxy-6-methyloxan-2-yl]oxy-2,3,5,6,7,9,11,12,13,15,16,17-dodecahydro-1H-cyclopenta[a]phenanthren-3-yl]oxy]oxolan-2-yl]methyl acetate",0
1925,"3-[(2R,3R,4S,5S,6R)-4,5-dihydroxy-6-(hydroxymethyl)-3-[(2S,3R,4R,5R,6S)-3,4,5-trihydroxy-6-methyloxan-2-yl]oxyoxan-2-yl]oxy-17-[(4E)-2-hydroxy-6-methylhepta-4,6-dien-2-yl]-4,4,9,13,14-pentamethyl-1,2,3,7,8,10,12,15,16,17-decahydrocyclopenta[a]phenanthren-11-one",0
1926,"(2S,3R,4S,5S)-2-[[17-[(E)-2-hydroxy-6-methoxy-6-methylhept-4-en-2-yl]-4,4,8,10,14-pentamethyl-12-[(2S,3R,4S,5S)-3,4,5-trihydroxyoxan-2-yl]oxy-2,3,5,6,7,9,11,12,13,15,16,17-dodecahydro-1H-cyclopenta[a]phenanthren-3-yl]oxy]oxane-3,4,5-triol",0
1927,"(2R,3R,4S,5S,6R)-2-[[3-[(2R,3R,4R,5S)-3,4-dihydroxy-5-(hydroxymethyl)oxolan-2-yl]oxy-17-[(E)-2,6-dihydroxy-6-methylhept-4-en-2-yl]-4,4,8,10,14-pentamethyl-2,3,5,6,7,9,11,12,13,15,16,17-dodecahydro-1H-cyclopenta[a]phenanthren-12-yl]oxy]-6-methyloxane-3,4,5-triol",0
1928,"(2R,3R,4S,5S,6R)-2-[[3-[(2R,3R,4R,5S)-3,4-dihydroxy-5-(hydroxymethyl)oxolan-2-yl]oxy-17-[(E)-2-hydroxy-6-methoxy-6-methylhept-4-en-2-yl]-4,4,8,10,14-pentamethyl-2,3,5,6,7,9,11,12,13,15,16,17-dodecahydro-1H-cyclopenta[a]phenanthren-12-yl]oxy]-6-methyloxane-3,4,5-triol",0
1929,"(2R,3R,4S,5S,6R)-2-[[17-[(E)-2,6-dihydroxy-6-methylhept-4-en-2-yl]-4,4,8,10,14-pentamethyl-3-[(2S,3R,4S,5R)-3,4,5-trihydroxyoxan-2-yl]oxy-2,3,5,6,7,9,11,12,13,15,16,17-dodecahydro-1H-cyclopenta[a]phenanthren-12-yl]oxy]-6-methyloxane-3,4,5-triol",0
1930,"3-[(1S,2S,4aR,4bR,7S,8S,8aR)-8a-deuterio-7-[(E,2S)-6-hydroperoxy-2-hydroxy-6-methylhept-4-en-2-yl]-1,4a,4b-trimethyl-2-prop-1-en-2-yl-8-[(2R,3R,4S,5S,6R)-3,4,5-trihydroxy-6-methyloxan-2-yl]oxy-3,4,5,6,7,8,9,10,10a-decahydro-2H-phenanthren-1-yl]propanoicacid",0
1931,"methyl 3-[(3S,3aR,4R,6S,7S,9aR,9bR)-3-[(E,2S)-2-[(2S,3R,4R,5S)-3,4-dihydroxy-5-(hydroxymethyl)oxolan-2-yl]oxy-6-hydroperoxy-6-methylhept-4-en-2-yl]-4-hydroxy-6,9a,9b-trimethyl-7-prop-1-en-2-yl-1,2,3,3a,4,5,5a,7,8,9-decahydrocyclopenta[a]naphthalen-6-yl]propanoate",0
1932,"3-[4-hydroxy-3-[(E)-2-hydroxy-6-methoxy-6-methylhept-4-en-2-yl]-6,9a,9b-trimethyl-7-prop-1-en-2-yl-1,2,3,3a,4,5,5a,7,8,9-decahydrocyclopenta[a]naphthalen-6-yl]propanoic acid",0
1933,"3-[(3S,3aR,4R,6S,7S,9aR,9bR)-3-[(2S)-2-[(2S,3R,4R,5S)-5-(acetyloxymethyl)-3,4-dihydroxyoxolan-2-yl]oxy-6-methyl-5-oxohept-6-en-2-yl]-4-hydroxy-6,9a,9b-trimethyl-7-prop-1-en-2-yl-1,2,3,3a,4,5,5a,7,8,9-decahydrocyclopenta[a]naphthalen-6-yl]propanoic acid",0
1934,"3-[(3S,3aR,4R,6S,7S,9aR,9bR)-3-[(2S,5S)-2,5-dihydroxy-6-methylhept-6-en-2-yl]-4-hydroxy-6,9a,9b-trimethyl-7-prop-1-en-2-yl-1,2,3,3a,4,5,5a,7,8,9-decahydrocyclopenta[a]naphthalen-6-yl]propanoic acid",0
1935,"(4S)-4-[(1S,2S,4aR,4bR,7S,8S,10R,10aR)-8-(2-carboxyethyl)-10-hydroxy-4a,4b,8-trimethyl-7-prop-1-en-2-yl-2,3,4,5,6,7,8a,9,10-decahydro-1H-phenanthren-2-yl]-4-[(2S,3R,4R,5S)-3,4-dihydroxy-5-(hydroxymethyl)oxolan-2-yl]oxypentanoicacid",0
1936,"(4S)-4-[(3S,3aR,4R,6S,7S,9aR,9bR)-6-(2-carboxyethyl)-4-hydroxy-6,9a,9b-trimethyl-7-prop-1-en-2-yl-1,2,3,3a,4,5,5a,7,8,9-decahydrocyclopenta[a]naphthalen-3-yl]-4-[(2S,3R,4R,5S)-5-(acetyloxymethyl)-3,4-dihydroxyoxolan-2-yl]oxypentanoic acid",0
1937,"3-[(3S,3aR,4R,6S,7S,9aR,9bR)-3-[(2S)-2-[(2S,3R,4R,5S)-5-(acetyloxymethyl)-3,4-dihydroxyoxolan-2-yl]oxy-5-hydroperoxy-6-methylhept-6-en-2-yl]-4-hydroxy-6,9a,9b-trimethyl-7-prop-1-en-2-yl-1,2,3,3a,4,5,5a,7,8,9-decahydrocyclopenta[a]naphthalen-6-yl]propanoic acid",0
1938,YQQPVLGPVRGPFPIIV,0
1939,Malvidin 3-Glucoside,0
1940,carpinontriol B,0
1941,2-(3-hydroxy-2-oxoindolin-3-yl)acetic acid 3-O-6â€²-galactopyranosyl-2â€³-(2â€³oxoindolin-3â€³yl) acetate,0
1942,giffonin-2-O-[(Î±-d-glucopyranosyl)-6â€²-O-(3-hydroxy-3-methylglutaric acid),0
1943,Afzelin,0
1944,3-O-caffeoyl-Î³-quinide,0
1945,4-O-caffeoyl-Î³-quinide,0
1946,5-O-caffeoyl-epi-Î´-quinide,0
1947,4-O-caffeoyl-muco-Î³-quinide,0
1948,5-O-caffeoyl-muco-Î³-quinide,0
1949,3-O-feruloyl-Î³-quinide,0
1950,4-O-feruloyl-Î³-quinide,0
1951,Theaflavin-3'-O-gallate,0
1952,Theaflavin-3-O-gallate,0
1953,Theaflavin,0
1954,magnesium,0
1955,L-methionine,0
1956,DGML,0
1957,LDYY,0
1007,falcarindiol-3-acetate,0
1959,"6-O-tigloyl-8-O-angeloyl- 6Î²,8Î±,11-trihydroxygermacra-1(10)E,4E-diene",0
1963,Laserine,0
1964,"6,8-O-diangeloyl-6Î²,8Î±,11-trihydroxygermacra-1(10)E,4E-diene",0
1965,isovaginatin,0
1966,Î±-angeloyloxy-latifolone,0
1967,"6-O-angeloyl-8-O-tigloyl-6Î²,8Î±,11-trihydroxygermacra-1(10)E,4E-diene",0
1968,2-epilaserine,0
1969,2-epilaserine oxide,0
1970,8-O-angeloyl-tovarol,0
1971,"6,8-O-ditigloyl-6Î²,8Î±,11-trihydroxygermacra-1(10)E,4E-diene",0
1972,2-Acetylbenzofuran,0
903,"3,2'-Dihydroxychalcone",0
1303,Sinapic acid,0
1975,Acortatarin C,0
1976,5-Hydroxymethylfurfural,0
1977,"2,3-dihydro-3,5-dihydroxy-6-methyl-4(H)-pyran-4-one",0
1978,N-(1-deoxy-d-fructos-1-yl)-l-tryptophan,0
1979,2-Formyl-5-(hydroxymethyl)-1H-pyrrole-1-butyric acid,0
1980,"(23R, 25E)-3Î²-hydroxy-23-methoxycucurbita-6,25-dien-5Î²,19-olide3-O-Î²-d-allopyranoside",0
1981,"(3Î²,7Î²,23E)-3,7-dihydroxy-25-methoxycucurbita-5,23-dien-19-al3-O-Î²-d-glucopyranoside",0
1982,Karaviloside III,0
1983,"(19R,23E)-5,19-epoxy-19-methoxycucurbita-6,23,25-trien-3-ol3-O-d-allopyranoside",0
1984,Charantoside C,0
1985,Momordicoside F1,0
1986,Goyaglycoside C,0
1987,Goyaglycoside D,0
1988,Charantoside II,0
1989,Charantoside V,0
1990,Momordicoside G,0
1991,Charantoside VI,0
1992,Momordicoside L,0
1993,Momordicoside K,0
1994,"(3Î²,7Î²,23E)-3,7-dihydroxy-25-methoxycucurbita-5,23-dien-19-al3-Î²-d-allopyranoside",0
1995,Goyaglycoside B,0
1996,Momordicoside F2,0
1997,Goyaglycoside A,0
1998,"9,10,13-trihydroxyoctadec-12-enoic acid",0
1999,"9,12,13-trihydroxyoctadec-10-enoic acid",0
2000,"9,10,11-trihydroxyoctadec-12-enoic acid",0
2001,"11,12,13-trihydroxyoctadec-9-enoic acid",0
2002,"(10E,12E)-9-hydroxyoctadeca-10,12-dienoic acid",0
2003,"(9Z,11E)-13-hydroxyoctadeca-9,11-dienoic acid",0
2004,"(9E,11E)-13-hydroxyoctadeca-9,11-dienoic acid",0
2005,2-hydroxypalmitic acid,0
2006,2-hydroxyoleic acid,0
2007,linoleic acid,0
2008,"(9Z,11E)-13-oxooctadeca-9,11-dienoic acid",0
2009,"octacosa-6,9,19,22-tetraen",0
1998,"9,10,13-trihydroxyoctadec-11-enoicÂ acid",1
1999,"9,12,13-trihydroxyoctadec-10-enoicÂ acid",1
2000,"9,10,11-trihydroxyoctadec-12-enoicÂ acid",1
2001,"11,12,13-trihydroxyoctadec-9-enoicÂ acid",1
2010,"(10E,12Z)-9-hydroxyoctadeca-10,12-dienoicÂ acid",0
2002,"(10E,12E)-9-hydroxyoctadeca-10,12-dienoicÂ acid",1
2003,"(9Z,11E)-13-hydroxyoctadeca-9,11-dienoicÂ acid",1
2004,"(9E,11E)-13-hydroxyoctadeca-9,11-dienoicÂ acid",1
2005,2-hydroxypalmiticÂ acid,1
2006,2-hydroxyoleicÂ acid,1
2007,linoleicÂ acid,1
2008,"(9Z,11E)-13-oxooctadeca-9,11-dienoicÂ acid",1
2011,18-hydroxyoleicÂ acid,0
2012,1-myristoylÂ glycerol,0
2013,oleicÂ acid,0
2014,palmiticÂ acid,0
2015,"3-(O-Î±-l-rhamnopyranosyl(1â†’2)-[Î²-d-glucopyranosyl(1â†’3)-Î²-d-glucopyranosyl(1â†’4)]-Î²-d-glucopyranosid)-26-O-Î²-d-glucopyranosyl-(25R)-furost-5-ene-3Î²,22,26-triol",0
2016,"3-(O-Î±-l-rhamnopyranosyl(1â†’2)-[Î²-d-glucopyranosyl(1â†’4)]-Î²-d-glucopyranosid)-26-O-Î²-d-glucopyranosyl-(25R)-furost-5-ene-3Î²,22,26-triol",0
2017,stearicÂ acid,0
2012,1-myristoyl-rac-glycerol,1
2018,avenanthramideÂ 3f,0
2019,"9-hydroxy-9Z,11E-octadecadienoicÂ acid",0
2003,"13-hydroxy-9Z,11E-octadecadienoicÂ acid",2
2020,calcium,0
2021,myristicÂ acid,0
2007,"E-9,10,13-trihydroxy-octadec-11-enoic acid",2
2010,"(10E,12Z)-9-hydroxyoctadec-10,12-dienoic acid",1
2003,"(9Z,11E)-13-hydroxyoctadec-9,11-dienoic acid",3
2014,Palmitic Acid,1
2013,Oleic Acid,1
2017,Stearic Acid,1
2022,Hexadecyl ferulate,0
2023,Octadecyl ferulate,0
2024,Chlorogenic Acid,0
2025,Trigonelline,0
2028,Soyasaponin I,0
2029,Soyasaponin VI,0
2030,Saponin bg,0
2033,pelargoninidin chloride,0
814,(âˆ’)-epigallocatechinÂ (EGC),0
802,equol,0
2038,Vitamin B1,0
2039,Vitamin B6,0
2040,Vitamin D3,0
2041,Vitamin A,0
2043,Hydroxytyrosol,0
2044,Tyrosol,0
2045,Vanillin,0
2046,"2â€(3,4â€dihydroxyphenyl)ethyl acetate",0
2047,"2â€(3,4â€dihydroxyphenyl)ethyl (4E)â€4â€formylâ€3â€(2â€ oxoethyl)hexâ€4â€enoate",0
2048,2â€(4â€hydroxyphenyl)ethyl (4E)â€4â€formylâ€3â€(2â€ oxoethyl)hexâ€4â€enoate,0
2049,"methyl 4â€{2â€[2â€(3,4â€dihydroxyphenyl)ethoxy]â€2â€ oxoethyl}â€3â€[hydroxy(methoxy)methyl]â€2â€methylâ€3,4â€ dihydroâ€2Hâ€pyranâ€5â€carboxylate",0
1612,"methyl 4â€{2â€[2â€(3,4â€dihydroxyphenyl)ethoxy]â€2â€ oxoethyl}â€3â€formylâ€2â€methylâ€3,4â€dihydroâ€2Hâ€pyranâ€5â€ carboxylate",0
2051,Lignans,0
2052,CSP-1,0
2053,glyoxal-derived lysine dimer (GOLD),0
2054,Carboxymethyllysine (CML),0
1993,Momordicosides K,1
1992,Momordicosides L,1
2055,Cabenoside B,0
2056,Cabenoside A,0
2057,Cayaponoside C5b,0
2058,Cayaponoside A5,0
2059,Cayaponoside B5,0
2060,FA,0
2061,RV,0
2062,SLA,0
2063,LLP,0
2064,WWQ,0
2065,RHG,0
2066,LLF,0
2067,YGLF,0
2068,IPAVF,0
2069,APHGKEMPFPKYPVEPF,0
2070,Gluconapin,0
2071,Epi/progoitrin,0
820,Glucobrassicin,0
2073,Neoglucobrassicin,0
2074,8-Prenylnaringenin,0
2075,Isoxanthohumol H,0
2076,8-Prenylkaempferol,0
1324,Quercetin-3-O-Î²-D-glucopyranoside,0
1037,Kaempferol-3-O-Î²-D-glucopyranoside,0
1038,Kaempferol-3-O-Î²-D-(6â€³-malonyl)-glucopyranoside,0
2080,Kaempferol-3-O-(2â€´-O-sinapoyl-Î²-sophoroside),0
2081,Tera-O-methylscutellarein,0
2082,Heptamethoxyflavone,0
2083,Gallocatechin-3-gallate (GCG),0
2084,Tannic acid,0
2085,Procyanidin B1,0
2086,Procyanidin B2,0
2087,epicatechin-(4Î²â†’8)-epicatechin,0
2088,epicatechin-(4Î²â†’6)-epicatechin,0
2089,[epicatechin-(4Î²â†’8)]2-epicatechin,0
2090,[epicatechin-(4Î²â†’8)]3-epicatechin,0
2091,[epicatechin-(4Î²â†’8)]4-epicatechin,0
2092,[epicatechin-(4Î²â†’8)]5-epicatechin,0
2093,Xanthohumol N,0
2094,2â€³-Hydroxyxanthohumol M,0
2095,Desmethylxanthohumol,0
2096,Xanthohumol M,0
2097,"trans-5,6-Dihydroxy-1-methyl-3-(3â€²,4â€²-dihydroxyphenyl) indane",0
2098,"cis-5,6-Dihydroxy-1-methyl-3-(3â€²,4â€²-dihydroxyphenyl) indane",0
2099,"trans-4,5-Dihydroxy-1-methyl-3-(3â€²,4â€²-dihydroxyphenyl) indane",0
2100,"cis-4,5-Dihydroxy-1-methyl-3-(3â€²,4â€²-dihydroxyphenyl) indane",0
2101,"trans-5,6-Dihydroxy-1-methyl-3-[3â€²,4â€²-dihydroxy-5â€²-(1-(3â€²â€²,4â€²â€²-dihydroxyphenyl)âˆ’1-ethyl)phenyl indane",0
2102,"cis-5,6-Dihydroxy-1-methyl-3-[3â€²,4â€²-dihydroxy-5â€²-(1-(3â€²â€²,4â€²â€²-dihydroxyphenyl)âˆ’1-ethyl)phenyl indane",0
2103,"5,6-Dihydroxy-1-methyl-2-[1-(3â€²,4â€²-dihydroxyphenyl)âˆ’1-ethyl]âˆ’3(3â€²â€²,4â€²â€²-dihydroxyphenyl) indane",0
2104,"trans-1,3-Bis(3â€²,4â€²-dihydroxyphenyl)âˆ’1-butene",0
2105,"1,3-Bis(3â€²,4â€²-dihydroxyphenyl) butane",0
2106,Oxypeucedanin hydrate,0
2107,7-Methoxycoumarin,0
1040,ad-Multifidol glucopyranoside,0
2109,n-Multifidol di-C-glucopyranoside,0
2110,Vanillic acid,0
2111,Syringic acid,0
2112,Protocatechuic acid,0
2113,Gentisic acid,0
2114,p-Hydroxybenzoic acid,0
2116,p-Coumaric acid,0
2117,trans-O-Coumaric acid,0
2022,Hexadecyl(E/Z)-ferulate,1
2118,Octadecyl(E/Z)-ferulate,0
2119,3-O-Caffeoyl-Î³-quinide,0
2120,4-O-Caffeoyl-Î³-quinide,0
2121,5-O-Caffeoyl-epi-Î´-quinide,0
2122,3-O-Feruloyl-Î³-quinide,0
2123,4-O-Feruloyl-Î³-quinide,0
2124,"3,4-O-Dicaffeoyl-Î³-quinide",0
2125,"3,5-O-Dicaffeoyl-epi-Î´-quinide",0
2126,"4,5-O-Dicaffeoyl-muco-Î³-quinide",0
1010,Isoxantholupon,0
2128,Xanthotoxol,0
2129,Oxypeucedanin,0
2130,Imperatorin,0
2132,Adhumulone,0
1103,Nortricylocolupone,0
2134,Dehydrotricyclocolupone epimer 1,0
2134,Dehydrotricyclocolupone epimer 2,1
2135,Tricyclocolupone epimer 1,0
2136,Tricyclocolupone epimer 2,0
2137,Hydroxytricyclocolupone epimer A,0
2138,Hydroxytricyclocolupone epimer B,0
2139,Hydroperoxytricyclocolupone epimer A,0
2140,Hydroperoxytricyclocolupone epimer B,0
2141,8-Deoxylactucin,0
2142,"11(S),13-Dihydrolactucopicrin",0
2143,"11(S),13-Dihydro-8-deoxylactucin",0
2144,"11Î²,13-Dihydrolactucin-8-O-sulfate (Jaquinelin-8-O-sulfate)",0
2145,Cichorioside B,0
2146,8-Deacetylmatricarin-8-O-sulfate,0
2147,Lettucenin A,0
2148,Vaginatin,0
2149,"O-Tigloyl-8-O-angeloyl- 6Î²,8Î±,11-trihydroxygermacra-1(10)E,4E-diene",0
2150,"6,8-O-Diangeloyl-6Î²,8Î±,11-trihydroxygermacra-1(10)E,4E-diene",0
2151,"6-O-Angeloyl-8-O-tigloyl-6Î²,8Î±,11-trihydroxygermacra-1(10)E,4E-diene",0
2152,8-O-Angeloyl-tovarol,0
2153,"6,8-O-Ditigloyl-6Î²,8Î±,11-trihydroxygermacra-1(10)E,4E-diene",0
2154,Sarcodonin A,0
2155,Sarcodonin G,0
2156,"3-(O-Î±-l-Rhamnopyranosyl(1â†’2)-[Î²-D-glucopyranosyl(1â†’3)-Î²-D-glucopyranosyl(1â†’4)]-Î²-D-glucopyranosid)âˆ’26-O-Î²-D-glucopyranosyl-(25R)-furost-5-ene-3Î²,22,26-triol",0
2157,"3-(O-Î±-l-Rhamnopyranosyl(1â†’2)-[Î²-d-glucopyranosyl(1â†’4)]-Î²-d-glucopyranoside)âˆ’26-O-Î²-d-glucopyranosyl-(25R)-furost-5-ene-3Î²,22,26-triol",0
2158,Avenacoside A,0
2159,Î±-Solanine,0
2160,Î±-Chaconine,0
2161,2-(3-Hydroxy-2-oxoindolin-3-yl) acetic acid 3-O-6â€²-galactopyranosyl-2â€²â€²-(2â€²â€²oxoindolin-3â€²â€²yl) acetate,0
2163,Quinizolate,0
2164,Pulcherrimine,0
2165,HF,0
2166,EF,0
2167,DL,0
2168,HPI,0
2169,LCR,0
2170,SVP,0
2171,VRFPFP,0
2172,QLFNPS,0
2173,QLFNPSTNP,0
2174,QLFNPSTNPWH,0
2290,Cyclolinopeptide E,0
2176,cis-Cyclo(Gly-Gly),0
2177,cis-Cyclo(l-Ala-l-Ala),0
2178,Quinic acid,0
1999,"E-9,10,13-Trihydroxy-octadic-11-enoic acid",2
2010,"(10E,12Z)âˆ’9-Hydroxyoctade-10,12-dienoic acid",2
2003,"(9Z,11E)âˆ’13-Hydroxyoctadec-9,11-dienoic acid",4
1942,Giffonin 2-O-[(Î±-d-glucopyranosyl)âˆ’6â€²-O-(3-hydroxy-3-methylglutaric acid),1
1962,Laserine oxide,0
2180,Piperine,0
2181,"11Î², 13-dihydrolactucin",0
2182,4-hydroxy-2-heptylquinolone (HHQ),0
802,(Â±)-Equol,1
2183,herbolide D,0
2186,cis-isoadhumulone,0
2189,campher,0
2192,4-hydroxyanisol,0
802,(+/-)-equol,2
2458,Phe-Phe-Pro-Arg,0
2195,Vitamin B6,0
2196,Vitamin B2,0
2197,Vitamin B3,0
2198,Calcium sulphate,0
2199,Copper sulphate,0
2200,d-Phenylalanine,0
1341,Quinine sulfate,1
1318,Manganese dichloride,1
2203,Ferrous Chloride,0
2204,Ferric Chloride,0
2205,Zinc Sulfate,0
2206,Cupric Chloride,0
78,Sodium thiocyanate,0
2208,Sweroside,0
499,Swertiamarin,0
2210,Neoeriocitrin,0
2211,Hesperidin,0
2212,Quercetin-3-O-rhamnoside,0
2213,Rutin,0
2214,Isovitexin,0
892,Eriodictyol,0
896,Liquiritigenin,0
644,-ringenin,0
898,Fustin,0
901,Butein,0
904,Eriodictyol chalcone,0
2221,Cyanidin chloride,0
2033,Pelargonidin chloride,1
924,Sulfuretin,0
644,ringenin,1
2223,Cyanidin chloride,0
2224,Pelargonidin chloride,0
644,Naringenin,2
2225,Zanthoamide A,0
2226,Quercetin 3-O-Î±-l-arabinoside,0
2212,Quercitrin,1
1766,Chlorpheniramine maleate salt,1
2228,Curcumin,0
2229,Digitonin,0
1363,"9,10â€Dihydrophenanthrene",1
2230,Diphenhydramine hydrochloride,0
2231,Diphenidol hydrochloride,0
1755,Doxepin hydrochlorid,1
2232,Emetine dihydrochloride hydrate,0
2233,Fenspiride hydrochloride,0
2234,Indoleâ€3â€acetic acid,0
2235,Indoleâ€3â€carbinol,0
1955,Lâ€Methionine,1
2236,Metronidazole,0
2237,Naphazoline,0
2238,Neohesperidine,0
2239,Noscapine hydrochloride hydrate,0
2240,Orphenadrine citrate salt,0
2241,Ouabain octahydrate,0
2242,Oxolinic acid,0
363,Pantothenic acid calcium salt,0
2244,Papaverine hydrochloride,0
2245,"1,10-Phenanthroline monohydrate",0
2196,Riboflavin,1
2246,Saccharin sodium salt hydrate,0
2247,Sinigrin hydrate,0
1283,Î±â€Solanine,0
2249,Strychnine nitrate salt,0
2250,Taurocholic acid sodium salt hydrate,0
90,Î±â€Thujone,0
1557,Phe-Ile,1
833,Leu-Leu-Leu,1
1998,"(11E)-9,10,13-trihydroxyoctadec-11-enoic acid",2
2254,ASCNGVCSPFDIPPCGSPLCRCIPVGLVIGKCRNPYG,0
2255,Diosmin,0
2256,Orientin,0
2257,Linarin,0
2258,Vitexin,0
2259,Luteoloside,0
2260,Narirutin,0
2261,Rhoifolin,0
2262,Isorhamnetin-3-O-rutinoside,0
2263,Neodiosmin,0
2264,Isoorientin,0
2265,Hyperoside,0
2266,5-Demethylnobiletin,0
2267,Hesperetin-7-O-glucoside,0
2268,Eriocitrin,0
2269,Dihydromyricetin,0
2270,Asenapine,0
2271,catechin (4â†’6) catechin,0
2272,catechin (4â†’8) epicatechin,0
2273,catechin (4â†’8) catechin (4â†’8) epicatechin,0
2274,Theasinensin A,0
2028,Soyasaponin Î²b,1
2275,Vicine,0
2276,Cholate,0
2277,Glycocholate,0
2278,Deoxycholate,0
2279,Lithocholate,0
1338,Taurolithocholate,1
2280,Buscaline,0
2281,MMDA,0
2282,Etryptamine,0
2283,"4-Hydroxy-N,N-diisopropyltryptamine",0
2284,5-Methoxy-N-methyl-N-isopropyltryptamine,0
2285,Tenofovir alafenamide,0
2286,CL1,0
2287,1-Mso-CL2,0
2288,1-Msn-CL2,0
2289,1-Mso-CL3,0
2290,1-Mso-CL4,0
2291,1-Msn-Cl4,0
2292,"1-Mso,3-Met-CL6",0
2293,"1-Mso,3-Mso-CL6",0
2294,"12,13-dihydroxy-9Z-octadecenoic acid",0
2295,"1-(9Z,12Z-octadecadienoyl)-sn-glycero-3-phosphocholine",0
2296,Ginsenoside Rg1,0
2297,Ginsenoside Rb1,0
2298,Ginsenoside Rd,0
2299,Palmatine,0
2300,Adhumulone,0
36,Humulone,1
2083,(-)-gallocatechin gallate,1
2301,(-)-catechin gallate,0
2302,(-)-gallocatechin,0
2303,epigallocatechin 3-(3-methyl-gallate),0
2304,epigallocatechin 3-(4-methyl-gallate),0
2305,tannins,0
2306,Theasinensin F,0
2213,quercetin-3-O-rutinoside,1
2307,vitexin-2â€³-O-rhamnoside,0
2308,quercetin-3-O-glucosyl-rutinoside,0
2309,kaempferol-3-O-rutinoside,0
2265,quercetin-3-O-galactoside,1
1324,quercetin-3-O-glucoside,1
2310,kaempferol-3-O-galactoside,0
2311,myricetin-3-O-galactoside,0
2312,apigenin 6-C-arabinoside 8-C-glucoside,0
2313,apigenin 6-C-glucoside 8-C-arabinoside,0
2314,quercetin-3-O-galactosyl-rutinoside,0
2315,kaempferol-3-O-galactosyl-rutinoside,0
2316,"3-(O-Î±-l-rhamnopyranosyl(1â†’2)-[Î²-d-glucopyranosyl(1â†’3)-Î²-d-glucopyranosyl(1â†’4)]-Î²-d-glucopyranosid)-26-O-Î²-d-glucopyranosyl-(25R)-furost-5-ene-3Î²,22,26-triol",0
2317,"3-(O-Î±-l-rhamnopyranosyl(1â†’2)-[Î²-d-glucopyranosyl(1â†’4)]-Î²-d-glucopyranosid)-26-O-Î²-d-glucopyranosyl-(25R)-furost-5-ene-3Î²,22,26-triol",0
2318,Avenacoside B,0
2319,Avenacoside A,0
2320,Saponin B,0
2321,Cocaine,0
2322,Morphine,0
2323,M-coumaric acid,0
2324,Flavonol,0
2325,Flavanol,0
2326,cis-isoadhumulone,0
2327,vitamin B6,0
2328,Soyasapogenols A,0
2329,Soyasapogenols B,0
2330,Soyasapogenols E,0
2272,Procyanidin B4,1
2086,Procyanidin B2g (3-O-gallate),1
2040,vitamin D,1
2331,"11b,13-dihydrolactucin",0
2142,"11b,13-dihydrolactucopicrin",0
2333,Phenyl-beta-D-thioglucopyranoside,0
2334,4-nitrophenyl-beta-D-mannopyranoside,0
2335,Hexyl-beta-D-glucopyranoside,0
2336,Phenyl-N-acetyl-beta-D-glucosaminide,0
2337,4-nitrophenyl-beta-D-glucoside,0
2338,Tenofovir alafenamide fumarate (TAF),0
2339,Praziquantel (PRAZ),0
2340,Acetone,0
2341,Methyl Ethyl Ketone,0
2342,2-Pentanone,0
2343,Isobutyraldehyde,0
2344,gamma-Butyrolactone,0
2345,Dimethyl disulfide,0
2346,Methanethiol,0
2347,Lopinavir,0
2348,Ligstroside Aglycon,0
2349,Oxyphenonium Bromide,0
2350,lukas 4.1,0
2351,lukas 4.2,0
2352,lukas 4.3,0
2353,lukas 8,0
2354,lukas 10.1,0
2355,lukas 10.2,0
2356,lukas 14.1,0
2357,lukas 14.2,0
2358,lukas 14.3,0
2359,lukas 14.4,0
2360,lukas 14.5,0
2361,lukas 14.6,0
2362,lukas 14.7,0
2363,lukas 14.8,0
2364,lukas 14.9,0
2365,lukas 14.10,0
2366,lukas 14.11,0
2367,lukas 16.1,0
2368,lukas 16.2,0
2369,lukas 16.3,0
2370,lukas 19.1,0
2371,lukas 19.2,0
2372,lukas 19.3,0
2373,lukas 19.4,0
2374,lukas 25.1,0
2375,lukas 25.2,0
2376,lukas 25.3,0
2377,lukas 25.4,0
2378,lukas 25.5,0
2379,lukas 28.1,0
2380,lukas 28.2,0
2381,lukas 32,0
2382,lukas 33,0
2383,lukas 34,0
2384,lukas 35,0
2385,lukas 44,0
732,d-Fenchone,0
2387,Acetyl tributyl citrate,0
2388,Ethyl vanillin isobutyrate,0
2389,I-Fenchone,0
2390,Sclareolide,0
2391,Muscone,0
2392,Vanillin isobutyrate,0
2393,C8-AHL,0
1784,3-oxo-C12-AHL,1
2230,Diphenhydramine (DPH),1
2394,C4-AHL,0
952,N-butyryl-L-homoserine (C4-HSL),0
2396,(-)-Camphor,0
2397,Aurintricarboxylic acid,0
2398,Cucurbitacin B hydrate,0
840,6-Nitrosaccharin,0
2401,Denatonium benzoate,0
2402,Oxyphenonium bromide,0
1340,Phenanthroline,1
2403,2-(3-Ethylanilino)benzoic acid,0
2404,"N-(3,5-Bis(trifluoromethyl)phenyl)anthranilic acid",0
2405,2-(3-Anilinoanilino)benzoic acid,0
2406,2-(2-Anilinoanilino)benzoic acid,0
2407,2-(3-Benzyloxyphenylamino)benzoic acid,0
2408,"2-(3-Benzyloxyphenylamino)-4,5-difluorobenzoic acid",0
2409,2-(2-Naphthylamino)benzoic acid,0
2410,"4,5â€difluoroâ€2â€(naphthalenâ€2â€ylamino)benzoic acid",0
2411,2-[[3-(Trifluoromethyl)phenyl]methylamino]benzoic acid,0
2412,N-(3-ethylphenyl)-2-(2H-tetrazol-5-yl)aniline,0
2413,"Nâ€[2â€(1Hâ€1,2,3,4â€tetrazolâ€5â€yl)phenyl]naphthalenâ€2â€ amine",0
2414,"Nâ€[3â€(benzyloxy)phenyl]â€2â€(1Hâ€1,2,3,4â€tetrazolâ€5â€ yl)aniline",0
2415,"2â€(1Hâ€1,2,3,4â€tetrazolâ€5â€yl)â€Nâ€[3â€(trifluoromethyl)phenyl]aniline",0
2416,"Nâ€[2â€(1Hâ€1,2,3,4â€tetrazolâ€5â€yl)phenyl]â€3,5â€bis(trifluoromethyl)aniline",0
2417,"12,14â€bis(trifluoromethyl)â€2â€azatricyclo[9.4.0.03,8]pentadecaâ€1(15),3,5,7,9,11,13â€heptaeneâ€4â€carboxylic acid",0
2418,Dextromethorphan hydrochloride,0
2337,4-Nitrophenyl beta-D-glucopyranoside,1
2419,4-Methoxyphenyl Î²-d-glucopyranoside,0
2420,DY,0
2421,EI,0
2422,GR,0
2423,PG,0
831,WF,0
830,WL,1
1253,WP,0
832,WW,1
2426,EGG,0
838,FFF,0
2428,FFG,0
2429,FGF,0
2430,FGG,0
2431,FIV,0
2432,FPF,0
2433,GFF,0
2434,GFG,0
2435,GGF,0
2436,GGL,0
2437,GGP,0
2438,GLY,0
2439,GPG,0
2440,GVV,0
2441,GYY,0
2442,KPF,0
2443,LQL,0
2444,LRP,0
2445,PGG,0
2446,PGI,0
2447,PGR,0
2448,PPP,0
2449,RPF,0
2450,RPG,0
2451,RRR,0
2452,VIF,0
2453,YYY,0
2454,FFGG,0
2455,FFPE,0
2456,FFPG,0
2457,FFPP,0
2458,FFPR,0
2459,FGFG,0
2460,FGGF,0
2461,GGFF,0
2462,GGGL,0
2463,GGLG,0
2464,GLGG,0
2465,GPFF,0
2466,GPFP,0
2467,GPPF,0
2468,LGGG,0
2469,LLLL,0
2470,NLQG,0
2471,PFIV,0
2472,PFPP,0
2473,RGFF,0
2474,RPFF,0
2475,RPFG,0
2476,RPGF,0
2477,RRPP,0
2478,APFPE,0
2479,FAPEF,0
2480,FFPGG,0
2481,GGGGL,0
2482,GGGLG,0
2483,GGLGG,0
2484,GGVVV,0
2485,GLGGG,0
2486,GPFPI,0
2487,LGGGG,0
2488,NALPE,0
2489,NNEDT,0
2490,PPFIV,0
2491,RGPPF,0
2492,RPGFF,0
2493,RRPFF,0
2494,SAEFG,0
2495,VAPFP,0
2496,VPPFL,0
2497,YEGNS,0
2498,FPPFIV,0
2499,GGFFGG,0
2500,GGRPFF,0
2501,GMIYPG,0
2502,GPFPVI,0
2503,GPPFIV,0
2504,KPPFIV,0
2505,LPFNQL,0
2506,LPFSQL,0
2507,PGPGPG,0
2508,RGGFIV,0
2509,RGPFIV,0
2510,RGPFPI,0
2511,RGPPFF,0
2512,RGPPFI,0
2513,RGPPGF,0
2514,RPFFGG,0
2515,RPGGFF,0
2516,RPPFIV,0
2517,RRPPFF,0
2518,RRPPGF,0
2519,VAPFPE,0
2520,VIFPPG,0
2521,VPPFLE,0
2522,VVAPFP,0
2523,ALEPDHR,0
2524,EQGGEQG,0
2525,EQPQQNE,0
2526,IGTLAGA,0
2527,RGPFPIV,0
2528,RGPPFFF,0
2529,RGPPFGG,0
2530,RGPPFIV,0
2531,RGPPGFF,0
2532,RGPPGFG,0
2533,RGPPGGF,0
2534,RGPPGGV,0
2535,RGPPGIG,0
2536,RPPPFFF,0
2537,RRPPFFF,0
2538,VIFPPGR,0
2539,VIIPFPG,0
2540,VIPFPGR,0
2541,VVAPFPE,0
2542,VYPFPPG,0
2543,YLEQLLR,0
2544,GGRPFFGG,0
2545,GNPDIEHP,0
2546,KAVPYPPQ,0
2547,KLHENIAR,0
2548,LAGNQEEE,0
2549,RGPEPIIV,0
2550,RGPGPIIV,0
2551,RGPKPIIV,0
2552,RGPPFIIV,0
2553,RGPPGGFF,0
2554,RPFFRPFF,0
2555,RRPPPFFF,0
2556,VIIPFPGR,0
2557,VVAPFPEV,0
2558,VYPFPPGI,0
2559,GGRGPPFIV,0
2560,RGPPFIVGG,0
2561,RGPPGGGFF,0
2562,VVYPWTQRF,0
2563,AGNPDIEHPE,0
2564,EIVPNSVEQK,0
2565,FFRPFFRPFF,0
2566,NALEPDHRVE,0
2567,VYPFGGGINH,0
2568,VYPFPPGIGG,0
2569,VYPFPPGINH,0
2570,VYPFPPIGNH,0
2571,GGRGPPFIVGG,0
2572,GKHQQEEENEGG,0
2573,NFNNQLDQQTPR,0
2574,RPFFRPFFRPFF,0
2575,TDVENLHLPPLL,0
2576,QQPVLGPVRGPFPI,0
2577,RGPPFIVRGPPFIV,0
2578,QPVLGPVRGPFPIIV,0
2579,FALPQYL,0
2580,FFVAPFPEVFGKE,0
2581,EMPFPKYP,0
815,(âˆ’)-Epicatechin gallate,0
2083,(âˆ’)-Gallocatechin gallate,2
2301,(âˆ’)-Catechin gallate,1
2302,(âˆ’)-Gallocatechin,1
813,(+)-Catechin,1
2583,LPTL,0
2276,Cholic acid,1
2278,Deoxycholic acid,1
2584,Rosmarinic acid,0
1255,trans-pseudoisoeugenol 2-methylbutyrate,0
2586,Nirmatrelvir,0
224,Gingkolide A,0
813,(-)-Epicatechin,2
90,(-)-Î±-thujone,0
2590,Amarogentin,0
103,Arbutin,0
2592,Calcium chloride,0
2592,CaCl2,1
2593,Castalagin,0
967,Cucurbitacin D,0
97,Cucurbitacin E,0
968,Cucurbitacin I,0
948,Docosahexaenoic Acid,0
948,DHA,1
752,D-phenylalanine,0
752,D-Phe,1
808,Epigallocatechin gallate,0
808,EGCG,1
2115,Ferulic acid,0
221,Gentiobiose,0
2604,Glucoputranjivin,0
2605,Grandinin,0
1294,lactucopicrin,0
114,Limonin,0
2201,L-Trp,0
2201,L-Tryptophan,1
971,Pantothenic acid,0
2610,Procyanidin B1,0
2610,Procyanidin B2g,1
2610,Procyanidin B4,2
2611,Procyanidin B7,0
2612,Punicalagin,0
1235,Rebaudioside A,0
923,Resveratrol,0
461,D-Salicin,0
106,Sinigrin,0
1234,Stevioside,0
2593,Vescalagin,1
465,Î±-Santonin (-)-Form,0
465,Santonin,1
2620,L-Alanine,0
705,L-Histidine,0
2622,Adhumulone,0
1190,Herbolide A,0
2624,Herbolide D,0
752,L-phenylalanine,2
752,L-Phe,3
1416,Leu-Val-Tyr-Pro-Phe-Pro-Gly-Pro-Ile-His-Asn,0
2627,Xanthohumol,0
1239,Steviolbioside,0
1236,Rebaudioside B,0
1237,Rebaudioside C,0
1241,Rubusoside,0
2632,"Taurin, taurine",0
1240,Dulcoside A,0
348,Nomilin,0
2635,Malvidin-3-glucoside,0
1425,Tyr-Pro-Phe-Pro-Gly-Pro-Ile-His-Asn-Ser,0
1247,Pentagalloylglucose (PGG),0
1249,Procyanidin trimer C2,0
2639,"2,2',4'-trihydroxychalcone",0
657,Cynaropicrin,0
815,(-)-Epicatechin gallate,1
815,Ecg,2
815,Epicatechin gallate,3
814,(-)-Epigallocatechin (EGC),1
814,Epigallocatechin,2
814,Gallocatechol,3
816,Genistin,0
917,Glycitin,0
894,Hesperetin,0
894,Hesperitin,1
895,Homoeriodictyol,0
2645,4-hydroxychalcone,0
2646,Iso-Glu-Trp,0
1556,Iso-Phe,0
897,Pinocembrin,0
900,(+)-taxifolin,0
900,taxifoline,1
900,taxifolin,2
834,Gly-Leu,0
927,H.g.-12 (Hoodia Gordonii steroid glycoside),0
906,Isoliquiritigenin,0
282,Linamarin,0
2654,Prunasin,0
2142,"11Î²,13-dihydrolactucopicrin",1
1269,Lactucin,0
1295,"11Î²,13-dihydrolactucin",0
2227,Aloin,0
126,Andrographolide,0
961,Androsterone,0
962,Atropine,0
91,Brucine,0
69,Chloramphenicol,0
127,Cnicin,0
92,Colchicine,0
946,Costunolide,0
128,Crispolide,0
99,Erythromycin,0
104,Helicin,0
931,Picrotin,0
89,Picrotoxinin,0
953,Progesterone,0
955,Sparteine,0
100,Strychnine,0
976,Tatridin A,0
131,Tatridin B,0
977,Taurocholic acid,0
2201,D-Trp,2
2201,D-Tryptophan,3
70,Yohimbine,0
2202,Artemisinin,0
2193,Acetylgenistin,0
2686,Acetyl-L-homoserine lactone,0
928,Aglycon H.g.-12,0
902,Chalcone,0
1200,Dihydro-taurin,0
2690,"3,2-dihydroxychalcone",0
2691,"7,4'-dimethoxyisoflavone",0
1188,Epizaluzannin C,0
802,(+/-) Equol,3
1285,Esculine,0
1285,Aesculin,1
1189,"Germacradien-6,11-dihydroxy-8,12-olide",0
2695,4-Glucosyloxymandelonitrile,0
2696,Gly-Phe,0
2696,Glycyl-l-phenylalanine,1
2696,Glycylphenylalanine,2
1601,Gly-Leu-Leu,0
1601,Glycyl-Leucyl-Leucine,1
1191,Herbolide D acetate,0
2699,3Î²-hydroxydihydrocostunolide (3HDC),0
1556,Ile-Phe,1
1556,Isoleucine-Phenylalanine,2
2444,Leu-Arg-Pro,0
2444,Leucyl-Arginyl-Proline,1
1623,Liensinine,0
2036,Malonylgenistin,0
1204,Marrubiin,0
1192,Nobilin,0
2705,Osmaronin epoxide,0
1193,Parthenin,0
1194,Santamarine,0
899,Silibinin,0
2709,Sintenin,0
1196,Speciformin acetate,0
1208,Strychnine-N-oxide,0
1205,Teuflavin,0
1206,Teuflavoside,0
1207,Teumarin,0
1201,Umbellifolide,0
1202,Vulgarolide,0
1203,Zaluzannin D,0
1626,Baicalin,0
1625,Deacetyl nomilin,0
1629,Dehydroandrographolide,0
1318,MnCl2,2
1284,Matrine,0
1622,Picfeltarraenin I A,0
830,Trp-Leu,0
832,Trp-Trp,0
1254,Trp-Trp-Trp,0
1630,Wogonoside,0
2727,Cochicine,0
842,"2-butyl-6-nitro-1,1-dioxo-1,2-benzothiazol-3-one",0
843,"6-nitro-1,1-dioxo-2-propan-2-yl-1,2-benzothiazol-3-one",0
844,"6-nitro-1,1-dioxo-2-pentyl-1,2-benzothiazol-3-one
",0
845,"6-nitro-1,1-dioxo-2-(trichloromethylsulfanyl)-1,2-benzothiazol-3-one",0
847,"2-[2-(diethylamino)ethyl]-1,1-dioxo-1,2-benzothiazol-3-one",0
848,"2-[3-(diethylamino)propyl]-1,1-dioxo-1,2-benzothiazol-3-one",0
849,"6-nitro-1,1-dioxo-2-prop-2-enyl-1,2-benzothiazol-3-one",0
850,"2-methyl-1,1,3-trioxo-1,2-benzothiazole-6-sulfonamide",0
851,"2-[2-(dibutylamino)ethyl]-1,1-dioxo-1,2-benzothiazol-3-one",0
852,"N,N-diethyl-6-nitro-1,1-dioxo-1,2-benzothiazol-3-amine",0
853,"3-propan-2-yloxy-1,2-benzothiazole 1,1-dioxide",0
854,"N,N-diethyl-3-(1,1,3,3-tetraoxo-1λ6,3λ6,2-benzodithiazol-2-yl)propan-1-amine",0
855,"N-butyl-N-[2-(1,1,3,3-tetraoxo-1λ6,3λ6,2-benzodithiazol-2-yl)ethyl]butan-1-amine",0
856,"14-hydroxy-5,5,9-trimethyl-14-[[3,4,5-trihydroxy-6-(hydroxymethyl)oxan-2-yl]oxymethyl]tetracyclo[11.2.1.01,10.04,9]hexadecan-6-one",0
857,"(1R,4R,9R,10S)-5,5,9-trimethyl-14-methylidene-7-[3,4,5-trihydroxy-6-(hydroxymethyl)oxan-2-yl]peroxytetracyclo[11.2.1.01,10.04,9]hexadecan-15-one",0
1280,"(2R)-2-[(4S)-6-formyl-3-oxo-4-(prop-2-enylsulfanylmethyl)-1,4-dihydropyrrolo[1,2-a]pyrazin-2-yl]-3-prop-2-enylsulfanylpropanoic acid",0
